# Перевод интерфейса Azgaar на русский. id соответствуют locale/en.tsv, значение «-» — строка осознанно остаётся английской.
0001	-
0002	, найдите подходящий шрифт и впишите его название в поле ниже.
0003	-
0004	-
0005	, достаточно указать название шрифта. После установки обязательно обновите страницу. На компьютере без установленного шрифта он работать не будет. Хорошие источники шрифтов
0006	-
0007	-
0008	, см.
0009	-
0010	-
0011	-
0012	: символы, которые могут повторяться в генерируемых названиях. Например
0013	: максимальная рекомендуемая длина генерируемых названий. Должно быть числом больше минимальной длины.
0014	: минимальная рекомендуемая длина генерируемых названий. Должно быть числом.
0015	: название базы.
0016	: список названий через запятую. Чтобы база была корректной, нужно минимум 3 названия.
0017	: неиспользуемый параметр, заполните чем угодно.
0018	. Если у вас есть локально установленный шрифт
0019	. Открыть
0020	. Параметры следует разделять
0021	. Укажите название шрифта и ссылку на файл шрифта в сети. Лучшие бесплатные хостинги шрифтов
0022	. Частая ошибка — названия и другие параметры на двух отдельных строках.
0023	. Эта версия совместима с
0024	. Чтобы получить файл шрифта, откройте ссылку на css, которую дают эти сервисы, и вручную скопируйте ссылку на
0025	. Для серьёзных изменений используйте редактор карт высот.
0026	-
0027	-
0028	-
0029	-
0030	-
0031	-
0032	-
0033	-
0034	-
0035	-
0036	-
0037	-
0038	-
0039	-
0040	-
0041	-
0042	-
0043	-
0044	-
0045	-
0046	-
0047	-
0048	-
0049	-
0050	-
0051	-
0052	-
0053	-
0054	-
0055	-
0056	-
0057	-
0058	-
0059	-
0060	-
0061	-
0062	-
0063	-
0064	-
0065	-
0066	-
0067	-
0068	-
0069	-
0070	-
0071	+ Добавить группу ИЛИ
0072	+ Новый чат
0073	-
0074	<u>Б</u>иомы
0075	<u>К</u>ультуры
0076	<u>Т</u>овары
0077	<u>К</u>арта высот
0078	<u>И</u>конки
0079	<u>Н</u>адписи
0080	<u>В</u>ойско
0081	<u>П</u>ровинции
0082	<u>Р</u>елигии
0083	<u>Г</u>осударства
0084	<u>Т</u>емпература
0085	<u>Р</u>оза ветров
0086	<u>З</u>оны
0087	-
0088	-
0089	-
0090	-
0091	-
0092	-
0093	🔑 Подключите свой ключ ИИ
0094	Галерея эмблем ${options.map.lore.name}
0095	Города ${province.fullName}
0096	${reason} Всё, что уже выпущено, находится на
0097	Города ${state.fullName} под прямым управлением
0098	Провинции ${state.fullName}
0099	0 из 0
0100	-
0101	1 пиксель карты:
0102	-
0103	1 единица населения:
0104	10 МБ, уменьшено до 1024 px
0105	-
0106	-
0107	-
0108	2 МБ, уменьшено до 256 px
0109	-
0110	-
0111	Настройки 3D-режима
0112	3D-предпросмотр
0113	3D-сцена
0114	В этих местах потревожено погребение: мертвецы восстают и нападают на живых.
0115	Ссылка на изображение держит карту маленьким; оно показывается, пока сайт его отдаёт
0116	Готовый облик. Задаёт все ползунки, а дальше их можно настроить
0117	Маршрут нельзя разбить в его конечной точке
0118	Образец рельефа, который расставляет пул, в размерах и с шагом карты
0119	Тип транспорта с таким названием уже есть
0120	Огромное собрание знаний, включая редкие и древние фолианты.
0121	Сокращение не может быть пустым
0122	Сокращение должно быть не длиннее 3 символов
0123	над уровнем моря
0124	абсолютное
0125	Акация
0126	Действия
0127	Включить/выключить группу
0128	Включить/выключить группу. Надписи выключенной группы не видны
0129	Активно
0130	добавить
0131	Добавить
0132	Добавить ${label}
0133	Добавить график
0134	Добавить свой биом
0135	Добавить новый город. Shift — добавить несколько
0136	Добавить новую культуру. Shift — добавить несколько
0137	Добавить новый товар
0138	Добавить новый маркер. Shift — добавить несколько
0139	Добавить новый рынок. Кликните по городу на карте. Shift — добавить несколько
0140	Добавить новую провинцию. Shift — добавить несколько
0141	Добавить новую религию. Shift — добавить несколько
0142	Добавить новое государство. Shift — добавить несколько
0143	Добавить новый тип транспорта
0144	Добавить рецепт
0145	Добавить тип рельефа, рисуемый набором рельефа стиля
0146	Добавить правило, проверяемое последним
0147	Добавить отрезок к путешествию
0148	Добавить дополнительный маркер этого типа
0149	Добавить айсберг (кликните по карте)
0150	Добавить любую иконку…
0151	Добавьте минимум 2 ячейки
0152	Добавьте минимум 2 точки
0153	Добавить город
0154	Добавить цветовую точку между
0155	Добавить столбец слева
0156	Добавить столбец справа
0157	Добавить свой шрифт
0158	Добавить ингредиент
0159	Добавить надпись
0160	Добавить ссылку
0161	Добавить маркер
0162	Добавить новый товар
0163	Добавить новую военную единицу в таблицу
0164	Добавить новую базу имён
0165	Новый полк
0166	Добавить новый слой зон
0167	Прибавить или вычесть значение из всех высот в диапазоне
0168	Добавить полк в сражение
0169	Добавить реку
0170	Добавить маршрут
0171	Добавить группу маршрутов
0172	Добавить строку сверху
0173	Добавить строку снизу
0174	Прибавить значение к высоте всех ячеек (допустимы отрицательные)
0175	Добавьте свою иконку, эмодзи или картинку из другого набора
0176	Менять форму ячеек кистью
0177	после
0178	После приближения
0179	Генератор текста на ИИ
0180	Воздушное сражение
0181	Воздушное сражение: маневренный бой авиаотрядов
0182	Кисть «выравнивание»: тяните, чтобы задать высоту ячеек в радиусе по ячейке под курсором
0183	Выравнивание
0184	все
0185	Все
0186	все ячейки
0187	Всё население территории религии считается её последователями. Это значит, что изменение числа последователей напрямую влияет на население
0188	Все маршруты заблокированы. Чтобы удалить их, снимите блокировку, или сначала нажмите «Заблокировать все».
0189	Все единицы должны иметь уникальные названия
0190	Весь мир
0191	Союзники заключили оборонительный пакт и защищают друг друга при агрессии третьей стороны
0192	Разрешить немедленный эффект для центров, расширения и типов культур
0193	Разрешить тянуть карту за границы холста
0194	Разрешить немедленный эффект для центров, охвата и экспансионизма религий
0195	Разрешить немедленный эффект для нейтрального расстояния, экспансии и типов государств
0196	Разрешить системе менять надписи государств при изменении данных о государствах
0197	Разрешить водную эрозию
0198	Всегда показывается
0199	Засада: внезапная атака
0200	Проанализировать базу имён, чтобы оценить корректность и качество
0201	якорь
0202	Якоря
0203	Файл из старой версии
0204	Анимации
0205	Присоединить провинции: кликните по присоединяющей провинции, затем по провинциям того же государства. Shift — продолжать присоединение
0206	Присоединить государства: кликните по присоединяющему государству, затем по поглощаемым. Shift — продолжать присоединение
0207	Годовой максимум осадков
0208	Годовой максимум температуры
0209	Годовая средняя норма осадков
0210	Годовая средняя температура
0211	Годовой минимум осадков
0212	Годовой минимум температуры
0213	Античная
0214	Античная крупная
0215	Античная мелкая
0216	любой
0217	Любой
0218	Ключ API
0219	Применить
0220	Применить фильтр
0221	Применить изменения
0222	Применить изменения и заново расставить маркеры
0223	Применить текущие настройки к карте
0224	Применить настройки военных единиц. <span style='color:#cb5858'>Все войска будут пересчитаны!</span>
0225	Применить нанесённые изменения
0226	Применить изменения и продолжить редактирование
0227	Применить вставленную эмблему
0228	применить ко всем непереопределённым особенностям
0229	Применение изменений переклассифицирует города, но группы надписей не затронет. Синхронизируйте группы надписей в
0230	Архипелаг
0231	-
0232	Вы уверены, что хотите сменить пресет стиля? Все несохранённые изменения стиля будут потеряны
0233	Продолжить? <br>Действие нельзя отменить
0234	Вы уверены, что хотите провозгласить независимость провинции? <br>Она станет новым государством
0235	Вы уверены, что хотите создать новую карту?<br />Все несохранённые изменения текущей карты будут потеряны
0236	Вы уверены, что хотите объединить провинции? Это действие необратимо.
0237	Вы уверены, что хотите объединить государства? Это действие необратимо.
0238	Вы уверены, что хотите заново расставить бонусные товары? Генерация опирается на текущие настройки товаров и не затронет производство и торговлю
0239	Вы уверены, что хотите заново рассчитать производство и торговлю всех товаров? Генерация опирается на текущие настройки товаров и раскладку бонусных товаров
0240	Вы уверены, что хотите заново создать отношения всех государств? <br>Это действие необратимо
0241	Вы уверены, что хотите удалить все незаблокированные маркеры? Это действие необратимо
0242	Вы уверены, что хотите удалить город? <br>Это действие необратимо
0243	Вы уверены, что хотите удалить культуру? <br>Это действие необратимо
0244	Вы уверены, что хотите удалить всю группу маршрутов? Все маршруты группы будут удалены.<br>Это действие необратимо
0245	Вы уверены, что хотите удалить группу? <br>Города не изменятся, пока изменения не применены
0246	Вы уверены, что хотите удалить путешествие? <br>Это действие необратимо.
0247	Вы уверены, что хотите удалить религию? <br>Это действие необратимо
0248	Удалить ресурс? <br>Это действие нельзя отменить
0249	Вы уверены, что хотите удалить маршрут? <br>Это действие необратимо
0250	Вы уверены, что хотите удалить выбранную заметку? Отменить это действие нельзя
0251	Вы уверены, что хотите удалить государство? <br>Это действие необратимо
0252	Вы уверены, что хотите удалить зону? <br>Это действие необратимо
0253	Вы уверены, что хотите удалить этот маркер? Это действие необратимо
0254	Вы уверены, что хотите вернуть товары по умолчанию? <br>Это действие необратимо
0255	Площадь
0256	Единица площади:
0257	Armoria не может показать рисунки из библиотеки иконок: таких гербовых фигур в ней нет
0258	Ссылка Armoria или строка герба
0259	Задайте вопрос…
0260	Спросить это
0261	Назначить
0262	Назначить все выбранные надписи выбранной группе
0263	Назначить группу надписей другого типа
0264	Порядок назначения: сдвинуть группу вниз
0265	Порядок назначения: сдвинуть группу вверх
0266	Порядок назначения: сдвинуть группу вверх или вниз
0267	Чат с ассистентом
0268	при
0269	Нужно задать хотя бы одну группу
0270	Атолл
0271	Прикрепить полк к другому (включить этот полк в состав другого)
0272	Прикреплённое изображение
0273	Прикреплённое изображение ${index + 1}
0274	Атаковать чужой полк
0275	Атакующие
0276	Армия атакующих разгромлена
0277	Мораль атакующих:
0278	Сила атакующих на этой фазе. Сила определяет наносимый урон
0279	авто
0280	Авто
0281	автоприменение изменений
0282	Автоматически назначить цвета по тону (для цветных изображений)
0283	Автоматически назначить цвета по светлоте (для монохромных изображений)
0284	Автоматически назначить цвета по схеме генератора (для выгруженных цветных карт высот)
0285	автосмена надписей
0286	Автоматически добавлять реку от кликнутой ячейки. Shift — добавить несколько
0287	Обновлять мир автоматически при изменении полей и нажатии кнопок
0288	Автономия
0289	Интервал автосохранения
0290	Автосохранение: в режиме редактирования карту сохранить нельзя
0291	Автосохранение: карта сохранена
0292	Средняя площадь
0293	Средняя глубина:
0294	Средний расход воды
0295	Средняя высота
0296	Средний прирост войск на государство
0297	Средний валовой продукт
0298	Средняя валовая выручка на рынок
0299	Средняя длина
0300	Средняя рыночная цена на рынок
0301	Средние войска на государство
0302	Средняя ширина устья
0303	Средняя длина названия
0304	Среднее число вариантов генерации для каждого ключа в цепочке
0305	Средняя численность экипажа (для расчёта общей численности)
0306	Среднее население
0307	Средняя цена этого товара по рынкам
0308	Средние затраты на покупки на рынок
0309	Средняя скорость
0310	Средняя скорость, только движущиеся отрезки
0311	Средняя скорость, только отрезки с ненулевой скоростью
0312	Средняя казна
0313	Средняя военная готовность
0314	Среднее богатство (продукт на душу населения)
0315	Ассистент Azgaar
0316	-
0317	Генератор фантастических карт Azgaar
0318	Создано в генераторе фантастических карт Azgaar: azgaar.github.io/Fantasy-map-generator
0319	Фон
0320	Отступ фонового элемента в пикселях
0321	Плохой ответ
0322	Впечатать процедурную эрозию в 3D-рельеф. Только вид, данные карты не меняются
0323	Баланс
0324	Знамя
0325	Размер столбца
0326	Баронство
0327	Барокко
0328	Базовая цена. Кликните, чтобы сравнить цены по рынкам
0329	Базовая цена. Кликните для сортировки
0330	Название базы
0331	Базовая цена*
0332	-
0333	Базовый
0334	Бассейн
0335	Тип сражения. Кликните, чтобы изменить
0336	-
0337	-
0338	до
0339	перед редактированием карты высот!
0340	Скос
0341	-
0342	Биом
0343	Площадь биома
0344	Базовая добыча в биоме
0345	Пригодность биома, %
0346	Пригодность биома, %. Кликните и введите значение, чтобы изменить
0347	Название биома. Кликните и введите, чтобы изменить
0348	Биомы
0349	Редактор биомов
0350	Биомы, которые занимает правило
0351	-
0352	Максимальная высота пятен; через дефис — случайное значение в диапазоне
0353	Сколько пятен добавить; через дефис — случайное значение в диапазоне
0354	-
0355	Фаза блокады. Готовьте или держите блокаду
0356	Размытие
0357	Радиус размытия в пикселях. 0 — сплошная линия
0358	Размытое свечение по границам государств. Это SVG-фильтр размытия, он дорог на больших картах
0359	Фаза абордажа. Рукопашные единицы взходят на борт
0360	Беотийский
0361	-
0362	Полужирный
0363	Фаза бомбардировки. Атакуйте осадными машинами
0364	Распределение бонусов
0365	-
0366	Г<u>р</u>аницы
0367	Просмотр всех элементов и их групп
0368	Хранилище браузера заполнено, последние настройки в нём не сохранились. Они в безопасности в файле .map: сохраните карту, чтобы сохранить их
0369	Размер кисти:
0370	-
0371	Пузырь
0372	Массовое назначение: выделите несколько надписей и назначьте их одной группе
0373	Маркированный список
0374	Пучок
0375	-
0376	Город
0377	Средняя дневная добыча города
0378	Среднегодовая температура города
0379	Эмблема города. Кликните, чтобы изменить
0380	Группа городов
0381	Настройка групп городов
0382	Высота города над средним уровнем моря
0383	Превью города на карте: колесо — масштаб, перетаскивание — сдвиг
0384	Название города
0385	Население города
0386	Население города вычисляется как
0387	Генератор превью городов
0388	Превью города:
0389	Добыча города:
0390	Провинция города
0391	Государство города
0392	Города
0393	Пузырьковая диаграмма городов
0394	Массовое переименование городов
0395	Число городов
0396	Показанные города
0397	городы, кроме столиц и рыночных центров?
0398	Число городов
0399	Обзор городов
0400	Прибыль городов
0401	Прибыль городов от торговли и производства
0402	-
0403	Торец
0404	ПОКУПКА
0405	Покупатель
0406	Покупают
0407	-
0408	по названию
0409	по значению
0410	Я<u>ч</u>ейки
0411	К<u>о</u>ординаты
0412	Кактус
0413	Расчётный размер изображения при объединении
0414	Спокойные берега
0415	Более спокойные озёра
0416	Нельзя проложить путешествие: на карте нужно хотя бы два города, связанных сушей или морем
0417	Отмена
0418	Отменить сражение: откатить итоги и закрыть экран
0419	Отменить нанесённые изменения
0420	Отменить преобразование. Прежняя карта высот будет восстановлена
0421	Отменить создание
0422	Нельзя прикрепить полк к самому себе. Кликните по другому полку
0423	Нельзя атаковать братский полк
0424	Не удалось получить шрифт Google для этого значения
0425	Не удалось загрузить 3D-библиотеку
0426	Не удалось загрузить базу имён. Проверьте формат данных
0427	Не удалось загрузить последнюю сохранённую карту
0428	Не удалось загрузить файл, проверьте формат
0429	Не удалось загрузить файл. Проверьте формат данных
0430	Не удалось разобрать список, проверьте формат файла
0431	Не удалось разобрать шаблон, проверьте файл
0432	Нельзя удалить системный пресет
0433	Кантон
0434	Столица
0435	Название столицы
0436	столица,
0437	Капитания
0438	Потери
0439	Шрифты CDN
0440	Ячейка
0441	Ячейка ${cell}
0442	Сведения о ячейке
0443	Информация о ячейке:
0444	Добыча ячейки:
0445	Ячейки
0446	Ячейки без рынка
0447	Ячейки на высоте не ниже
0448	Ячейки на высоте не выше
0449	Ячейки по близости к воде
0450	Ячейки по типу водного объекта
0451	Число ячеек
0452	Ячейки в заданных биомах
0453	Ячейки, через которые течёт река
0454	Ячеек к изменению:
0455	Ячейки, где пригодность биома не ниже значения
0456	Ячейки со средней температурой не ниже значения
0457	Ячейки со средней температурой не выше значения
0458	Ячейки без рынка; их города исключены из производства
0459	Шанс
0460	Изменить
0461	Изменить число последователей
0462	Изменить силу кисти
0463	Размер кисти. Горячие клавиши: + больше; – меньше
0464	Изменить размер кисти. Быстрые клавиши: Shift + тянуть по карте, или + и −
0465	Изменить население культуры
0466	Изменить высоту всех ячеек
0467	Изменить размер айсберга
0468	Менять только сушу
0469	Изменить случайность линии. Ноль делает линию максимально прямой
0470	Менять только сушу или все ячейки
0471	Изменить население всех ячеек культуры
0472	Изменить население всех ячеек государства
0473	Изменить название провинции
0474	Изменить население провинции
0475	Изменить отношения: кликайте или тяните по государствам на карте
0476	Изменить название государства
0477	Изменить население государства
0478	Изменить пресет стиля
0479	Сменить шаблон
0480	Сменить иконку
0481	Сила инструмента. Горячие клавиши: + больше; – меньше
0482	Изменить население зоны
0483	символ, и он не должен встречаться внутри параметров. Ещё один запрещённый символ —
0484	Символы вне Basic Latin плохо поддерживаются шрифтами
0485	Символы, удваивающиеся часто (более 3 раз)
0486	Гербовая фигура
0487	Размер гербовой фигуры
0488	Графики
0489	-
0490	-
0491	Чаты
0492	Отметьте, если единица <b>отдельная</b> и складывается только с такими же
0493	Отметьте, если единица отдельная и складывается только с единицами того же типа
0494	См.
0495	Отметьте, чтобы подгонять стили городов (иконку и размер надписи) под масштаб субкарты
0496	Отметьте, чтобы система не скрывала надписи автоматически
0497	Отметьте, чтобы рисовать высоты океана
0498	Отметьте, чтобы сделать вторичным центром
0499	Проверяю последнюю версию…
0500	Вождество
0501	Выберите пресет, чтобы мгновенно показать или скрыть типовые наборы слоёв: политический, физический, религии и другие.
0502	Выберите форму морских украшений
0503	Круг
0504	цитадель,
0505	Клан
0506	Очистить
0507	Сбросить форматирование
0508	Прозрачная вода вдоль берега, относительно масштаба ряби озёр
0509	Очистить воду за полосами берега, в шагах ячеек
0510	Кликните по названию слоя, чтобы включить или выключить его. Слои можно менять местами перетаскиванием.
0511	Кликните по
0512	Кликните по городу на карте, чтобы создать там новый рынок. Shift — добавить несколько
0513	Кликните по городу на карте, чтобы перенести рыночный центр
0514	Кликните по городу, чтобы создать новый рынок — здесь города не найдены
0515	Кликните по опорной точке, чтобы разбить маршрут в этом месте
0516	Кликните по другому полку, чтобы начать сражение
0517	Кликните по другому полку, чтобы объединить оба. Текущий полк будет удалён
0518	Кликните по карте, чтобы добавить/убрать точки маршрута
0519	Кликните по карте, чтобы создать айсберг. Shift — добавить несколько
0520	Кликните по карте, чтобы создать новый полк или флот
0521	Кликните по карте, чтобы поместить город. Shift — добавить несколько
0522	Кликните по карте, чтобы поместить маркер. Shift — добавить несколько
0523	Кликните по карте, чтобы провести реку. Shift — добавить несколько
0524	Кликните по карте, чтобы поместить надпись. Shift — добавить несколько
0525	Кликните по карте, чтобы переместить город. Shift — непрерывное перемещение
0526	Кликните по карте, чтобы добавить новую культуру
0527	Кликните по карте, чтобы добавить новую религию
0528	Кликните по карте, чтобы создать столицу или повысить существующий город
0529	Кликните по карте, чтобы разместить новый центр провинции
0530	Кликайте или тяните по государствам, чтобы задать отношения. Shift + клик — выбрать другое государство
0531	Нажмите Save, чтобы скачать файл .map со всем вашим миром. Нажмите Load, чтобы открыть ранее сохранённый файл и продолжить с того же места.
0532	Нажмите эту стрелку, чтобы открыть главную панель настроек со всеми вкладками.
0533	Кликните, чтобы добавить опорную точку
0534	Кликните, чтобы добавить своё название формы провинции в список
0535	Кликните, чтобы добавить своё название формы государства в список
0536	Кликните, чтобы добавить точку реки; кликните ещё раз, чтобы убрать
0537	Кликните, чтобы добавить точку маршрута
0538	Кликните, чтобы изменить настройки генерации и интерфейса
0539	Кликните, чтобы изменить слои карты
0540	Кликните, чтобы изменить направление ветра
0541	Кликните, чтобы закрыть пипетку
0542	Кликните, чтобы править город
0543	Кликните, чтобы править лёд
0544	Кликните, чтобы править маркер. Shift не закроет связанную заметку
0545	Кликните, чтобы править иконку рельефа
0546	Кликните, чтобы развернуть подробности сделки
0547	Кликните, чтобы развернуть подробности решения
0548	Кликните, чтобы завершить рисование (Esc — отмена)
0549	Кликните, чтобы создать карту с этим seed
0550	Кликните, чтобы создать новую карту
0551	Кликните, чтобы создать субкарту из текущей области
0552	Кликните, чтобы скрыть меню
0553	Кликните, чтобы инвертировать блокировку всех маркеров
0554	Кликните, чтобы инвертировать закрепление всех маркеров
0555	Кликните, чтобы присоединить маршрут к другому маршруту, начинающемуся или заканчивающемуся в той же ячейке
0556	Кликните, чтобы назвать карту, задать дату календаря и описать мир
0557	Кликните, чтобы открыть редактор биомов
0558	Кликните, чтобы открыть обзор городов
0559	Кликните, чтобы открыть сведения о ячейке
0560	Кликните, чтобы открыть графики и обзор данных ячеек
0561	Кликните, чтобы открыть редактор береговой линии
0562	Кликните, чтобы открыть редактор культур
0563	Кликните, чтобы открыть редактор дипломатических отношений
0564	Кликните, чтобы открыть редактор эмблем
0565	Кликните, чтобы открыть обзор географических объектов
0566	Кликните, чтобы открыть редактор товаров
0567	Кликните, чтобы открыть меню настройки карты высот
0568	Кликните, чтобы открыть обзор путешествий
0569	Кликните, чтобы открыть обзор надписей
0570	Кликните, чтобы открыть обзор маркеров
0571	Кликните, чтобы открыть обзор рынков
0572	Кликните, чтобы открыть редактор измерителей
0573	Кликните, чтобы открыть обзор военных сил
0574	Кликните, чтобы открыть мини-карту. Клик по мини-карте центрирует вид
0575	Кликните, чтобы открыть редактор баз имён
0576	Кликните, чтобы открыть редактор заметок
0577	Кликните, чтобы открыть редактор провинций
0578	Кликните, чтобы открыть редактор религий
0579	Кликните, чтобы открыть обзор рек
0580	Кликните, чтобы открыть обзор дорог
0581	Кликните, чтобы открыть редактор государств
0582	Кликните, чтобы открыть редактор стиля
0583	Кликните, чтобы открыть редактор измерителей
0584	Кликните, чтобы открыть галерею пресетов и выбрать цветовую схему карты. Вся палитра обновится мгновенно.
0585	Кликните, чтобы открыть меню инструментов
0586	Кликните, чтобы открыть редактор анимации торговли
0587	Кликните, чтобы открыть редактор военных единиц
0588	Кликните, чтобы открыть редактор зон
0589	Кликните, чтобы посмотреть нейтральные города
0590	Кликните, чтобы посмотреть города провинции
0591	Кликните, чтобы посмотреть города государства
0592	Кликните, чтобы выполнить операцию
0593	Кликните, чтобы поставить линейный измеритель (линейку)
0594	Кликните, чтобы заново создать полное название
0595	Кликните, чтобы заново создать названия городов этой культуры
0596	Кликните, чтобы заново создать верховного бога
0597	Кликните, чтобы пересчитать войска по текущим настройкам военной системы
0598	Кликните, чтобы пересчитать городское и сельское население
0599	Кликните, чтобы заново создать все эмблемы
0600	Кликните, чтобы заново расставить иконки рельефа по биомам и высотам ячеек
0601	Пересоздать все реки (вернуть состояние по умолчанию)
0602	Кликните, чтобы заново создать все незаблокированные города и маршруты. Государства останутся прежними. Учтите: города создаются только в заселённых районах с назначенной культурой
0603	Кликните, чтобы заново создать все незаблокированные маршруты
0604	Кликните, чтобы заново расставить бонусные товары
0605	Кликните, чтобы заново создать айсберги и ледники
0606	Кликните, чтобы заново создать рынки и их территории
0607	Кликните, чтобы заново создать незаблокированные культуры
0608	Кликните, чтобы заново создать незаблокированные провинции. Государства останутся прежними
0609	Кликните, чтобы заново создать незаблокированные религии
0610	Кликните, чтобы заново создать незаблокированные государства. Эмблемы и войска тоже будут пересозданы, города останутся прежними, но столицы изменятся
0611	Кликните, чтобы заново создать производство и торговые сделки
0612	Кликните, чтобы заново расставить незаблокированные маркеры
0613	Кликните, чтобы заново создать зоны. Ctrl + клик — множитель числа зон
0614	Кликните, чтобы удалить текущий свой пресет
0615	Кликните, чтобы удалить шаг
0616	Кликните, чтобы вернуть розы ветров по умолчанию (для Земли)
0617	Кликните, чтобы вернуть настройки по умолчанию и перезагрузить страницу
0618	Кликните, чтобы вернуть полку название по умолчанию
0619	Кликните, чтобы сохранить текущий стиль как новый пресет
0620	Кликните, чтобы сохранить показанные слои как новый пресет
0621	Кликните, чтобы посмотреть инструкцию по использованию
0622	Кликните, чтобы выбрать пресет стиля
0623	Кликните, чтобы выбрать полк
0624	Кликните, чтобы выбрать иконку единицы
0625	Кликните, чтобы выбрать, тяните, чтобы рисовать. Shift + тянуть меняет размер кисти, Space + тянуть сдвигает карту
0626	Кликните, чтобы задать размер карты под северные широты
0627	Кликните, чтобы задать размер карты под южные широты
0628	Кликните, чтобы задать размер карты под тропические широты
0629	Кликните, чтобы задать размер карты на весь мир
0630	Кликните, чтобы задать множитель
0631	Кликните, чтобы задать цвет
0632	Кликните, чтобы посмотреть и изменить эмблему провинции
0633	Кликните, чтобы посмотреть и изменить эмблему государства
0634	Кликните, чтобы показать меню
0635	Кликните, чтобы пропустить шаг
0636	Сортировка по богатству города (валовой продукт на душу)
0637	Сортировка по расходу воды (поток в м3/с)
0638	Кликните, чтобы отсортировать по расстоянию до поля боя
0639	Кликните, чтобы отсортировать по названию полка
0640	Сортировка по группе отрисовки
0641	Кликните, чтобы отсортировать по названию государства
0642	Кликните, чтобы отсортировать по казне государства. Клик по значению — посмотреть и изменить налоги
0643	Кликните, чтобы отсортировать по общему числу войска
0644	Кликните, чтобы проверить голос
0645	Кликните, чтобы переключить слой; тяните, чтобы поднять или опустить его. Ctrl + клик — изменить стиль слоя
0646	Кликните, чтобы переключить; тяните, чтобы поднять или опустить слой
0647	Кликните, чтобы преобразовать карту
0648	Кликните, чтобы обновить расположение надписей государств по текущим границам
0649	Кликните, чтобы приблизить
0650	Кликните, чтобы приблизить область
0651	Кликните, чтобы приблизить к городу
0652	Кликните, чтобы приблизить к месту
0653	Обрезка
0654	Закрыть
0655	Закрыть преобразование изображения
0656	Закрыть окно
0657	Закрыть окно без сохранения изменений
0658	-
0659	Участки берега короче этой длины остаются как есть. Увеличьте, чтобы мелкие острова оставались простыми, а карта рисовалась быстрее
0660	Прибрежный просвет
0661	Прибрежная суша (рядом с водой)
0662	-
0663	Полосы побережья
0664	Стоимость отрисовки береговой линии
0665	Настройки береговой линии
0666	Береговые линии
0667	Колония
0668	Цвет
0669	Цвет изолиний
0670	Цвет штрихов рельефа
0671	Цвет линий иконок
0672	Пипетка цвета
0673	Цветовая схема
0674	Цветовая схема предпросмотра карты высот
0675	Значение цвета в разных цветовых пространствах. Редактируйте, чтобы изменить
0676	-
0677	-
0678	Элементы столбца
0679	Столбцы
0680	через запятую
0681	Длина обычных названий
0682	Сравнить запасы товара по рынкам
0683	Сравнить цены
0684	Завершить
0685	Завершить создание реки
0686	Завершить создание маршрута
0687	Завершить преобразование
0688	Завершить преобразование. Все не заданные цвета будут считаться океаном
0689	Сжатая растровая картинка на белом фоне
0690	Настроить параметры генерации маркеров
0691	Настроить группы городов
0692	Настройка групп городов
0693	Настройка групп надписей
0694	Настройка генерации маркеров
0695	Настройка мира
0696	Настроить размер карты и параметры климата
0697	Подтвердить
0698	Подтвердите действие
0699	Слияние
0700	Хвойное
0701	Подключить
0702	Подключите свой ключ ИИ
0703	Подключите аккаунт Dropbox, чтобы загружать из него карты
0704	Процент призыва из сельского населения
0705	Процент призыва из городского населения
0706	Континенты
0707	Продолжить
0708	Контраст
0709	-
0710	Координатная область, на которой создаётся следующая карта. Она фиксируется на всё время жизни карты и не меняется позже — размер окна просмотра ниже это то, через что вы на неё смотрите. Для карты-глобуса используйте пропорции 2:1
0711	Скопировать ссылку в буфер обмена
0712	Скопировать seed карты ссылкой. Та же карта получится только при тех же или стандартных настройках
0713	Скопировать ссылку на карту
0714	Скопировать выбранную иконку рельефа
0715	Не удалось прорисовать эту часть карты
0716	Не удалось открыть результат поиска. Попробуйте ещё раз.
0717	Совет
0718	Количество
0719	Контрагент
0720	Графство
0721	Создать
0722	Создать новую группу для озера
0723	Создать новое путешествие
0724	Создать новый полк или флот
0725	Создать новую реку, выбирая её ячейки
0726	Создать новый маршрут, выбирая его ячейки
0727	Создать субкарту
0728	Создать своё название формы провинции
0729	Создать цветовую схему карты высот
0730	Создать реку
0731	Создать маршрут
0732	Создать субкарту
0733	Экипаж
0734	Чёткие края
0735	Ctrl + клик — изменить стиль слоя
0736	Кубический Catmull-Rom
0737	Культура
0738	Территория культуры
0739	У культуры нет ячеек, население изменить нельзя
0740	Экспансионизм культуры. Определяет конкурентный размер
0741	Экспансионизм культуры. Определяет конкурентный размер. Кликните, чтобы изменить, затем «Пересчитать» для применения
0742	Название культуры. Кликните и введите, чтобы изменить
0743	База имён культуры. Кликните, чтобы изменить. Стрелки — заново создать названия
0744	Тип культуры
0745	Модификатор добычи для типа культуры. Добыча умножается на это значение.
0746	Тип культуры. Задаёт модель роста. Кликните, чтобы изменить
0747	Случайно по культурам
0748	По культурам
0749	Культуры
0750	Редактор культур
0751	Число культур
0752	Набор культур
0753	Текущее название
0754	Текущий год. Датирует историю государств и сводки сражений
0755	Изогнуть надпись по пути
0756	Со скруглением
0757	Свой
0758	Своё → Импорт zip
0759	Свои иконки
0760	Своё название
0761	Тёмное фэнтези
0762	Штриховой массив
0763	Анализ данных
0764	Данные нельзя выгрузить в режиме редактирования; выйдите из режима и повторите
0765	Графики
0766	Рассвет
0767	-
0768	Мёртвое дерево
0769	Расчёт сделки:
0770	Сделки
0771	Число сделок
0772	Деканат
0773	Debian или Ubuntu
0774	Лиственное дерево
0775	Основа решения:
0776	Провозгласить
0777	Провозгласить независимость
0778	Объявить независимость провинции (провинция с городами, не столица, станет новым государством)
0779	Украшать воду у берега и вдали от берега, оставляя чистую полосу у кромки
0780	Уменьшить отступ
0781	Глубокий океан
0782	-
0783	По умолчанию
0784	Группа по умолчанию для этого типа, её нельзя переименовать
0785	Группы по умолчанию нельзя удалять
0786	Оборонительный пакт
0787	Защитники
0788	Армия защитников разгромлена
0789	Мораль защитников:
0790	Сила защитников на этой фазе. Сила определяет наносимый урон
0791	-
0792	Фаза обороны. Подготовленная оборона: сила единиц повышена
0793	Фаза обороны. Здесь сильны дальний бой и рукопашная
0794	Задайте группу надписей, к которым отнести выбранные
0795	Число размещаемых поселений, не являющихся столицами (если подходит земля)
0796	Задайте цвета градиента карты высот от высокой к низкой высоте
0797	Сколько культур генерировать
0798	Сколько генерировать организованных религий и культов. Народные верования культур появятся в любом случае
0799	Сколько государств и столиц генерировать
0800	Насколько государства и культуры могут различаться по размеру. Задаёт значение экспансионизма
0801	Масштаб сохраняемого png/jpeg-изображения (например 5x). Большие изображения сохраняются медленно и могут обрушить браузер!
0802	Задать схему контуров береговой линии
0803	Задать плотность иконок рельефа. Все иконки рельефа создаются заново, ручные правки теряются. Сильно влияет на производительность!
0804	Задать размер иконок рельефа. Множитель отрисовки: данные карты не меняются
0805	Божество
0806	Удалить чат ${title}
0807	Удалить столбец
0808	Удалить строку
0809	Удалить таблицу
0810	Покрытие спроса
0811	Плотность
0812	Департамент
0813	Владение
0814	Кисть «понижение»: тяните, чтобы плавно снижать высоту ячеек в радиусе на значение силы
0815	Глубина впадины, нужная для образования нового озера. Увеличьте, чтобы озёр было меньше
0816	Порог глубины впадины:
0817	Опишите карту, её возраст, её народы — всё, что карта должна нести в себе.
0818	Описание
0819	-
0820	Приложение для компьютера
0821	Детализация
0822	Октав детализации:
0823	Подробности
0824	Диакония
0825	Ромб
0826	Мутный
0827	Дипломатия
0828	Редактор дипломатии
0829	Обзор дипломатии
0830	-
0831	Отменить
0832	Отменить все изменения с последнего применения
0833	Отменить правки
0834	Расход воды
0835	Отключить
0836	-
0837	Сервер Discord
0838	Показывать панель кистей
0839	Показанные слои и их порядок:
0840	Чуть перемешать (разрушить) высоты
0841	Кисть «разрушение»: тяните, чтобы случайно менять высоту ячеек в радиусе в пределах значения силы
0842	Расстояние
0843	Расстояние в море, на котором украшения затухают, в шагах ячеек
0844	Расстояние до базы: ${distance} ${options.map.units.distance.unit}
0845	Единица расстояния:
0846	Распределение
0847	Распределение задаёт, где появляется это сырьё. Оставьте пустым для товаров только фабричного производства.
0848	Редактор распределения
0849	Округ
0850	Разнообразная
0851	-
0852	Не перезаписывать существующее
0853	не знает о
0854	Воздушный бой
0855	Фаза воздушного боя. Сила единиц повышена
0856	Область
0857	Господствующая культура
0858	Господствующая культура провинции. Она задаёт названия. Можно изменить в редакторе культур
0859	Господствующая культура. Кликните, чтобы изменить
0860	Удвоенные символы: ${doubledStr}
0861	Ласточкин хвост
0862	вниз
0863	Скачать
0864	Скачать всё
0865	Скачать все свои иконки архивом zip, чтобы импортировать их в другую карту
0866	Скачать все эмблемы галереей HTML (откройте в браузере; готовится некоторое время)
0867	Скачать данные ячеек в GeoJSON
0868	Скачать данные графика в текстовый файл (.csv)
0869	Скачать данные о культурах
0870	Скачать полные данные в JSON
0871	Скачать данные о товарах
0872	Скачать иконки
0873	Скачать изображение
0874	Скачать метаданные карты и ячейки сетки в JSON
0875	Скачать метаданные карты и упакованные ячейки в JSON
0876	Скачать данные маркеров в GeoJSON
0877	Скачать минимальные данные в JSON
0878	Скачать базу имён на компьютер
0879	Скачать заметки на компьютер
0880	Скачать данные о религиях
0881	Скачать данные рек в GeoJSON
0882	Скачать данные дорог в GeoJSON
0883	Скачать график как PNG
0884	Скачать график как SVG
0885	Скачать данные графика в CSV
0886	Скачать график в SVG (вектор, открывается в браузере или Inkscape)
0887	Скачать эмблему как изображение
0888	Скачать иконки архивом zip? Импортируйте их на целевой карте через выбор иконки:
0889	Скачать карту векторным изображением (открывается в браузере или Inkscape)
0890	Скачать стиль в файле .json (открывается в любом текстовом редакторе)
0891	Скачать шаблон текстовым файлом
0892	Скачать тайлы
0893	скачать версию ${release.version}
0894	Скачать видимую часть карты как .jpeg (сжатие с потерями)
0895	Скачать видимую часть карты как .png (сжатие без потерь)
0896	Скачать данные зон в GeoJSON
0897	Скачать данные о зонах
0898	Загрузки
0899	Тяните опорные точки, чтобы менять русло реки. Клик по точке удаляет её. Клик по реке добавляет точку. Для серьёзных изменений лучше создать новую реку
0900	Тяните опорные точки, чтобы менять маршрут. Клик по точке удаляет её. Клик по маршруту добавляет точку. Для серьёзных изменений лучше создать новый маршрут
0901	Тяните измеритель или его точки, чтобы изменить
0902	Тяните, чтобы переместить пипетку
0903	Тяните, чтобы изменить положение. Клик скрывает окно легенды
0904	Тяните, чтобы проверять правило раньше или позже
0905	Ведите, чтобы измерить длину кривой (куркометр)
0906	Ведите, чтобы измерить длину кривой по дорогам
0907	Ведите, чтобы измерить площадь многоугольника
0908	Тяните, чтобы переместить надпись
0909	Тяните, чтобы переместить меню
0910	Тяните, чтобы переместить панель
0911	Тяните, чтобы переместить; клик удаляет опорную точку
0912	Тяните на другой узел, чтобы добавить родителя; клик — редактировать
0913	Ведите мышью • Колесо — масштаб • Правая кнопка — поворот • <b>О</b> — настройки
0914	Тяните, чтобы сдвигать; колесо — масштаб
0915	Тяните, чтобы расставлять иконки рельефа в радиусе
0916	Тяните, чтобы поднять или опустить зону
0917	Тяните, чтобы убирать иконки рельефа в радиусе
0918	Тяните, чтобы изменить порядок
0919	Тяните, чтобы повернуть полк
0920	-
0921	Нарисовать свой путь, ячейка за ячейкой
0922	Нарисовать другой образец
0923	Рисовать концентрические полосы вдоль береговой линии
0924	Рисовать поверх цветов карты высот штрихи вниз по склону, или показать только штрихи
0925	Рисовать высоты водных ячеек
0926	Нарисовать реку
0927	Рисовать сглаженные изолинии высот поверх цветов карты высот, или показать только изолинии
0928	Рисую карту…
0929	Перетащите файл карты, чтобы открыть
0930	Отбросить правки этой сессии и её историю
0931	Ошибка Dropbox API. Ссылку создать не удалось.
0932	Dropbox недоступен в приложении для компьютера, для синхронизации используйте браузерную версию
0933	Окно входа в Dropbox заблокировано. Разрешите всплывающие окна для сайта и повторите
0934	Пересохшее озеро
0935	Дюна
0936	В
0937	-
0938	Каждая база имён — на своей строке и в формате:
0939	Графство
0940	Восто́чник
0941	Восточный
0942	Экономика
0943	-
0944	Изменить
0945	Множители ${label}
0946	Изменить базу данных для генерации имён
0947	Изменить базовую добычу биома
0948	Изменить стиль биомов в редакторе стиля
0949	Изменить город
0950	Редактирование города
0951	Изменить группы городов
0952	Изменить стиль культур в редакторе стиля
0953	Изменить покрытие спроса
0954	Изменить эмблему
0955	Редактор эмблем
0956	Правка заметок (легенды) для ${subject}
0957	Изменить товар
0958	Изменить стиль группы в редакторе стиля
0959	Правка карты высот
0960	Изменить стиль иконки и якоря группы городов в редакторе стиля
0961	Изменить в Armoria
0962	Изменить отдельно выбранную иконку
0963	Изменить путешествие
0964	Редактирование путешествия
0965	Изменить стиль путешествий в редакторе стиля
0966	Изменить надпись
0967	Изменить стиль группы надписей в редакторе стиля
0968	Изменить стиль надписи группы городов в редакторе стиля
0969	Изменить озеро
0970	Изменить стиль группы озёр в редакторе стиля
0971	Изменить маркер
0972	Редактирование маркера
0973	Изменить военные единицы
0974	Редактор военных единиц
0975	Режим редактирования:
0976	Изменить точки пути
0977	Изменить стиль провинций в редакторе стиля
0978	Изменить полк
0979	Редактирование полка
0980	Иконки рельефа
0981	Изменить стиль иконок рельефа в редакторе стиля
0982	Изменить стиль религий в редакторе стиля
0983	Изменить реку
0984	Редактирование реки
0985	Изменить маршрут
0986	Редактирование маршрута
0987	Изменить группы маршрутов
0988	Группы маршрутов
0989	Изменить стиль государств в редакторе стиля
0990	Изменить стиль
0991	Изменить стиль всех рек в редакторе стиля
0992	Изменить стиль группы маршрутов
0993	Изменить стиль в редакторе стиля
0994	Изменить стиль или удалить группу
0995	Изменить шаблоны
0996	Отредактируйте строку герба вручную или вставьте ссылку Armoria, ссылку API или строку герба
0997	Свои настройки береговой линии для объекта
0998	Правка карты высот
0999	Изменить озеро
1000	Править заметку как HTML
1001	Изменить правила рельефа: холмы, горы и прочее по высоте
1002	Изменить надпись этого города
1003	Изменить типы транспорта
1004	Типы транспорта (можно добавить свои, вроде Ковра-самолёта)
1005	Изменить визуальный стиль
1006	Изменить стиль зон в редакторе стиля
1007	Элемент не найден
1008	Элемент с таким id уже есть. Уникальное название обязательно
1009	Элемент с таким названием уже есть. Уникальное название обязательно
1010	Кисть «повышение»: тяните, чтобы плавно повышать высоту ячеек в радиусе на значение силы
1011	Высота
1012	Профиль высот
1013	Профиль высот: нет данных
1014	-
1015	Украшение
1016	-
1017	Форма эмблемы
1018	Форма эмблемы, связанная с культурой. Кликните, чтобы изменить
1019	Эмблемы
1020	Изогнутый
1021	Включить или выключить фрактальность береговой линии. Выключенные берега — простые дуги между вершинами. Включение добавляет естественную изрезанность, но замедляет отрисовку
1022	Завершить сражение: применить текущие итоги и закрыть экран
1023	Конец последнего отрезка
1024	-
1025	концы должны быть в воде, на берегу у воды или на судоходной реке
1026	концы должны быть на суше (побережье тоже годится)
1027	Враги — государства, находящиеся в войне друг с другом
1028	Ход сражения:
1029	Английский
1030	Введите модель и ключ API.
1031	Введите название модели.
1032	Введите корректную сумму казны
1033	Введите ключ API
1034	Введите ключ API. Заметьте: генератор не хранит ни ключ, ни созданные данные
1035	Средняя численность экипажа (для общей численности)
1036	Введите процент призыва из сельского населения
1037	Введите процент призыва из городского населения
1038	Введите своё название формы
1039	Боевая мощь (для симуляции сражений)
1040	Введите seed шаблона, чтобы каждый раз получать одну и ту же карту высот
1041	Введите название пресета стиля
1042	Используется равнопромежуточная проекция
1043	Используется равнопромежуточная проекция: на полюсах искажения максимальны. Для лучшего результата берите карту с пропорциями 2:1
1044	Стереть
1045	-
1046	Эродировать рельеф
1047	Эродированный рельеф не поддерживается на этом устройстве
1048	Извергается
1049	Европейский
1050	Испарение с поверхности озера. Если испарение больше притока, вода в озере солёная; при большой разнице озеро пересыхает
1051	Вечер
1052	Каждая N-я ячейка
1053	Примеры. Кликните, чтобы создать заново
1054	Исключить нейтральные
1055	Исключить нулевой элемент из результатов (id 0, например нейтральное государство)
1056	Выполнить шаблон
1057	-
1058	Завершить настройку
1059	Экспансия
1060	Экспансионизм
1061	Экспансионизм (задаёт соревновательный размер). Меняйте, чтобы пересчитать государства
1062	Выгрузка
1063	Выгрузить как JPEG
1064	Выгрузить как PNG
1065	Выгрузить PNG-тайлами
1066	Выгрузить как SVG
1067	Биомы в CSV
1068	Города в CSV
1069	Ячейки в GeoJSON
1070	Выгрузить полный JSON
1071	Товары в CSV
1072	Выгрузить JSON ячеек сетки
1073	Выгрузка в JSON может служить заменой API.
1074	Выгрузка данных карты
1075	Маркеры в CSV
1076	Маркеры в GeoJSON
1077	Рынки в CSV
1078	Войско в CSV
1079	Выгрузить минимальный JSON
1080	Заметки в CSV
1081	Настройки выгрузки
1082	Выгрузить JSON упакованных ячеек
1083	Полки в CSV
1084	Отношения в CSV
1085	Реки в GeoJSON
1086	Дороги в GeoJSON
1087	Скачать маркеры в радиусе в текстовый файл (.csv)
1088	Выгрузить в GeoJSON
1089	Выгрузить в JSON
1090	Зоны в CSV
1091	Зоны в GeoJSON
1092	Предупреждение об экстремальном климате
1093	Ложь
1094	Семейство
1095	Фэнтези
1096	Генератор фантастических карт
1097	Карта генератора фантастических карт
1098	Обновление генератора фантастических карт
1099	Длина меридиана мира относительно реальной Земли (20 тыс. км)
1100	-
1101	-
1102	-
1103	-
1104	-
1105	Любит более высокие ячейки
1106	Любит более пригодные ячейки
1107	Объект
1108	Площадь объекта
1109	Название объекта
1110	Тип объекта, заданный картой высот
1111	Тип объекта. Генераторы его читают; изменение не запускает пересоздание
1112	Объекты
1113	Объекты добавляются и удаляются в редакторе карт высот
1114	Показанные объекты
1115	Поле
1116	Полевое сражение: обычный тип боя
1117	Фигура ${figureNo}
1118	файл и загрузите его в приложении.
1119	Кисть «заливка» недоступна с фильтром «только водные ячейки»
1120	Заливка: кликните по замкнутой воде или по суше одной высоты, чтобы создать конус
1121	Фильтр
1122	Фильтр по названию, типу или концу путешествия
1123	Фильтр по названию или группе
1124	Фильтр по названию, провинции, государству, культуре или группе
1125	Фильтр по названию, типу или бассейну
1126	Фильтр по названию, типу или подтипу
1127	Фильтр по типу
1128	Фильтр сделок по области
1129	Фильтр элементов и групп по названию
1130	Фильтр товаров по тегам
1131	Фильтр показанных товаров по тегам
1132	Фильтр…
1133	Завершить карту высот и выйти из режима редактирования
1134	Найти встроенную иконку или эмодзи по названию
1135	Найти или разместить свою базу имён на портале Cartography Assets
1136	Найти или разместить свой пресет стиля на портале Cartography Assets
1137	Найти или разместить свой шаблон на портале Cartography Assets
1138	Мелкая деталь
1139	Мелкая рябь у берегов, затухающая на открытой воде и уменьшенная для маленьких озёр
1140	Закончить правку точек пути
1141	Первое совпадение выигрывает. Суша без правила получает пул рельефа своего биома
1142	Вписать
1143	Вписать рамку в видимое содержимое картинки
1144	Подогнать окно просмотра под размер окна браузера
1145	Хоругвь
1146	Фаза бегства. Сила единиц снижена
1147	Флот
1148	-
1149	Поток
1150	Фокус на выбранном объекте
1151	Мятая бумага (крупная)
1152	Мятая бумага (мелкая)
1153	следует настройкам карты
1154	Шрифт
1155	Шрифт и размер
1156	семейство шрифта
1157	ссылка на файл шрифта
1158	Ссылка на шрифт
1159	-
1160	для справки.
1161	Для фабричных товаров: рецепты задают, какие товары нужны для производства этого
1162	Для сырья: задаёт где и как товар добывается из среды (биом, высота, температура)
1163	Для сырья: задаёт базовую добычу на биом
1164	силы
1165	-
1166	Форма
1167	Название формы:
1168	формате, который можно загрузить обратно через
1169	Раздробленный
1170	Бесплатные иконки:
1171	Французский
1172	Пресное озеро
1173	из
1174	Из
1175	Замёрзшее озеро
1176	фут
1177	Полное название:
1178	Справочник функций
1179	-
1180	Общее
1181	Создать
1182	Создать новую эпоху
1183	Создать новую карту по настройкам
1184	Создать новое название карты
1185	создать новую случайную карту или отменить загрузку.
1186	Создать случайное путешествие
1187	Создать культурно-специфичное название
1188	Создать культурно-специфичное название для места и сражения
1189	Создать культурно-специфичное название города
1190	Создать культурно-специфичное название озера
1191	Создать культурно-специфичное название провинции
1192	Создать культурно-специфичное название реки
1193	Создать новую карту
1194	Создать новую карту
1195	Создать случайную карту
1196	Создать случайное название
1197	Создать случайное название для места и сражения
1198	Создать случайное название города
1199	Создать случайное название озера
1200	Создать случайное название реки
1201	Создать название маршрута
1202	Создано в ${FMG}. Инструмент свободен, но изображения могут быть под авторским правом, см. ${license}
1203	Созданные примеры:
1204	Здесь появится созданный текст
1205	Ошибка генерации
1206	Настройки генерации
1207	Генератор скачивает файлы через всплывающее окно. Убедитесь, что браузер не блокирует всплывающие окна.
1208	Общее
1209	Географические объекты
1210	Обзор географических объектов
1211	Геометрическая точность
1212	Скачать приложение
1213	Дайте иконке новую картинку: все использования подхватят её
1214	Ледник
1215	-
1216	Весь мир
1217	-
1218	Глобус
1219	Назад
1220	-
1221	Гонфалон
1222	Товар
1223	Хороший ответ
1224	Иконка товара
1225	Товар добавлен
1226	Товар обновлён
1227	Название товара
1228	Цена товара
1229	Запас товара
1230	Запас товара на этом рынке. Кликните, чтобы отсортировать
1231	Типы товаров
1232	Товары
1233	Редактор товаров
1234	Шрифт Google
1235	-
1236	Губерния
1237	-
1238	Трава
1239	Серая бумага
1240	Оттенки серого
1241	Сетка
1242	ячейки сетки
1243	Валовой продукт — выручка от местных продаж минус стоимость закупленных ингредиентов производства.
1244	Валовой продукт на единицу населения в среднем за день
1245	Валовой продукт: выручка от местных продаж минус стоимость закупленных ингредиентов производства.
1246	Группа
1247	Группировать по культуре
1248	Группировать по провинции
1249	Группировать по провинции и государству
1250	Группировать по государству
1251	название группы
1252	Название группы: с буквы или подчёркивания, без специальных символов
1253	Название группы должно быть уникальным
1254	Название группы должно начинаться с буквы
1255	Название группы. Должно начинаться с буквы или подчёркивания, далее буквы, цифры, подчёркивания или дефисы
1256	Группа, к которой назначить выбранные надписи
1257	группировка по
1258	Группы, на которые ссылаются надписи, но которые не заданы здесь. Такие надписи не рисуются, пока их не назначить существующей группе
1259	Темп роста
1260	-
1261	Гость
1262	Гуйон
1263	червлень
1264	Сила оврагов:
1265	-
1266	-
1267	-
1268	-
1269	Пригодность
1270	в некорректных отношениях с
1271	Хитер
1272	Высота
1273	Диапазон высот: от 20 (уровень моря) до 100
1274	Диапазон высот: ${getHeight(rule.height.min)} — ${getHeight(rule.height.max)}
1275	Масштаб высот:
1276	Единица высоты:
1277	Карта высот
1278	Инструменты настройки карты высот:
1279	Режим редактирования карты высот
1280	Редактор карты высот
1281	Карта высот уже очищена, не нажимайте дважды без необходимости
1282	предпросмотр карты высот
1283	Предпросмотр карты высот. Кликните, чтобы скачать изображение размером с экран
1284	Шаблоны карт высот
1285	Семиугольник
1286	Здесь можно задать температуры на экваторе и полюсах, направление ветра и осадки, а также разместить карту на глобусе. Изменения влияют на генерацию климата и биомов.
1287	Гессен
1288	Шестиугольник
1289	Шестиугольная сетка (плоская)
1290	Шестиугольная сетка (острая)
1291	Шестиугольник
1292	Шестиугольник скруглённый
1293	-
1294	Скрыто
1295	скрыть
1296	Скрыть
1297	Скрыть на карте
1298	Скрыть масштабирование
1299	Скрыть ползунок масштабирования
1300	Скрыть раздел правки стиля
1301	Скрыть название сражения
1302	Скрыть текст надписи
1303	Скрыть размер шрифта
1304	Скрыть выбор группы
1305	Скрыть смещение надписи
1306	Скрыть надпись. Включить её можно позже в обзоре надписей
1307	Скрыть межбуквенный интервал
1308	Скрыть меню пересоздания
1309	Высокое фэнтези
1310	Высокий остров
1311	Самая высокая среднегодовая норма осадков
1312	Самая высокая среднегодовая температура
1313	лучший результат из ${candidates.length} подходящих вариантов:
1314	Горы
1315	Цвет выделения
1316	Холм
1317	Холм: маленький блок
1318	Исторический
1319	История
1320	Горизонтальная линия
1321	Горизонтальное смещение в размерах иконки (вправо — положительное)
1322	Конская голова
1323	Конская голова (острая)
1324	Сколько часов ожидания покрывает сутки: 24 — проходят полные сутки
1325	Сколько часов в день можно двигаться на этом транспорте
1326	Часов пути в сутки: повозка едет ~8 ч, корабль плывёт 24
1327	Подсказки при наведении
1328	Насколько часто расположены украшения относительно значения по умолчанию
1329	Насколько часто расположены ряды ряби
1330	Насколько плотно расположены штрихи относительно значения по умолчанию. На крутом склоне они плотнее
1331	Насколько берег изгибается внутрь и наружу. 0 оставляет гладкие дуги, большие значения вырезают глубокие бухты и мысы
1332	Насколько мелкая детализация берега. Больше — всё мелкие бухты и косы, но карта рисуется медленнее
1333	Какой длины спокойные и суровые участки берега. Маленькое значение смешивает их на одном острове, большое даёт континенту несколько длинных участков каждого вида
1334	Насколько берега озёр спокойнее морских. 1 — одинаковые, больше = зеркальные озёра, 0 — все берега озёр изрезаны
1335	Какую часть каждой категории спроса удовлетворяет этот товар. Кликните по карандашу, чтобы изменить.
1336	Какая часть берега остаётся спокойной. 0 делает все берега изрезанными, большие значения оставляют лишь несколько грубых участков
1337	Насколько плотно заселяется рельеф. 0 — ничего не ставит
1338	Насколько резко спокойные берега переходят в изрезанные. Низкое значение смешивает, высокое даёт явно разные участки
1339	-
1340	-
1341	Очень крупный
1342	Охота
1343	-
1344	-
1345	Лёд
1346	Айсберг
1347	-
1348	Иконка
1349	Цвета иконки:
1350	Цвета заливки и обводки иконки: они красят части, которые иконка оставляет бесцветными. Эмодзи сохраняют свои цвета
1351	Линии иконок
1352	Сдвиг иконки:
1353	Размер иконки
1354	Размер иконки на минимальной высоте, растёт с высотой до второго значения
1355	Размер иконки на минимальной высоте, растёт с высотой. Каждая запись пула масштабирует его
1356	Размер иконки на минимальной высоте правила, растёт с высотой до второго значения. Размер каждой записи масштабирует его
1357	-
1358	-
1359	-
1360	-
1361	-
1362	-
1363	-
1364	-
1365	-
1366	-
1367	-
1368	-
1369	-
1370	-
1371	Иконка*
1372	Иконки
1373	-
1374	Если ошибка критична, очистите сохранённые данные и попробуйте снова.
1375	Если высота больше или равна X и меньше или равна Y, выполнить операцию Z с операндом V
1376	Пропустить
1377	Игнорировать пределы масштаба и показывать все надписи при любом приближении
1378	Изображение
1379	Преобразование изображения
1380	Открыт конвертер изображений. Загрузите изображение и задайте высоту для каждого цвета
1381	Масштаб относительно размера изображения (например 5x)
1382	Размер изображения в пикселях
1383	Импортировать свои иконки
1384	Импортировать свои иконки из скачанного zip-архива. Иконка, чей id карта использует для другой картинки, заменяется только после подтверждения
1385	Импортировать карту высот
1386	Импорт zip
1387	-
1388	При ошибках перезагрузите страницу, чтобы обновить код.
1389	в меню. Если файл потерян, восстановить прогресс невозможно. Держите старые сохранения на компьютере или в облаке как резервные копии.
1390	В диапазоне:
1391	во фрагменте, где текстовый документ поднял бы его в
1392	-
1393	Доход
1394	Увеличить отступ
1395	Увеличивает число полигонов, сглаживая острые пики. Расчёт может занять время
1396	Углублённые 3
1397	Независимые города
1398	Индивидуальные настройки стиля
1399	Начальный спрос:
1400	Начальные силы
1401	-
1402	-
1403	-
1404	Ввод
1405	Ввод /
1406	Вставить
1407	Вставить символ
1408	Вставить таблицу или отредактировать ту, что под курсором
1409	Вставить изображение из файла
1410	Вставить или править ссылку (Ctrl+K)
1411	Вставить таблицу
1412	установленный на вашем компьютере
1413	Слишком мало суши. Нужно не менее 200 земельных ячеек!
1414	Настройки интерфейса в этом браузере. Изменения применяются сразу
1415	Настройки интерфейса:
1416	Размер интерфейса
1417	Некорректно
1418	Некорректный город. Выбранного города нет или он удалён.
1419	Неподходящий файл
1420	Неверный формат файла
1421	Некорректное название группы
1422	Некорректный рынок. Выбранного рынка нет
1423	Некорректный рынок. У выбранного рынка нет города-центра
1424	Некорректные отношения
1425	Инвертировать видимость столбцов
1426	Отзеркалить карту высот по осям
1427	Иранская мелкая
1428	Железные холмы
1429	-
1430	соперник
1431	вассал
1432	союзник
1433	воюет с
1434	дружественен к
1435	-
1436	нейтрален к
1437	с подозрением относится к
1438	сюзерен для
1439	Остров
1440	Острова
1441	-
1442	Перешеек
1443	-
1444	Все отделимые провинции станут независимыми государствами.
1445	-
1446	Курсив
1447	Провести бой ещё раз
1448	Его карта не открыта
1449	его путь должен идти по суше
1450	его путь должен идти по воде или судоходной реке
1451	Заходите в наш
1452	Объединить маршруты
1453	Путешествие
1454	Цвет путешествия. Кликните, чтобы изменить
1455	Название путешествия
1456	Название путешествия: ${escapeHtml(journey.name)}
1457	Путешествие не найдено
1458	Путешествия
1459	Число путешествий
1460	Обзор путешествий
1461	-
1462	JSON-строка некорректна, проверьте формат
1463	Перейти на страницу
1464	Оставить каждое удалённое государство провинцией ${ruler}, заменив его провинции
1465	Сохранить карту
1466	Оставить предложенное расположение надписи
1467	сохраняет ведущий
1468	Ключ
1469	Род путешествия
1470	Род путешествия: квест, караван, поход
1471	Миндалевидный
1472	-
1473	-
1474	-
1475	-
1476	-
1477	-
1478	Надпись
1479	Настройка групп надписей
1480	Группа надписей; выберите, чтобы переназначить надпись
1481	Текст надписи
1482	Тип надписи
1483	Тип надписи, после создания не меняется
1484	Тип надписи, фиксируется при создании
1485	Надписи
1486	Обзор надписей
1487	-
1488	Озеро
1489	Площадь озера в выбранных единицах
1490	Средняя глубина озера в выбранных единицах
1491	Высота озера в выбранных единицах
1492	Максимальная глубина озера в выбранных единицах
1493	Вытекающая из озера река
1494	Длина берега озера в выбранных единицах
1495	Подтип озера. Генераторы его читают: к пересохшим, замёрзшим и лавовым озёрам причалить нельзя
1496	Приток воды в озеро. Если приток больше испарения и есть сток, вода пресная; при очень малом притоке озеро пересыхает
1497	-
1498	-
1499	Озёра
1500	-
1501	Земля
1502	Площадь суши
1503	Земельных ячеек:
1504	Активен фильтр по суше, водные области залить нельзя
1505	только суша
1506	Замедление на суше
1507	Ландграфство
1508	-
1509	Фаза высадки. Десант: единицы уязвимы к подготовленной обороне
1510	Высадка: десантная атака
1511	Язык
1512	Крупный
1513	-
1514	Последние изменения:
1515	Запустить обзор интерфейса
1516	Лавовое озеро
1517	Зависимость слоя
1518	Пресеты слоёв
1519	Слой, который должен быть включён, чтобы эта группа показывалась
1520	Слои
1521	Пресет слоёв:
1522	Частота прореживания слоёв. Увеличьте для производительности
1523	Вкладка «Слои»
1524	Легенда
1525	Длина
1526	Длина меридиана в пикселях
1527	Длина меридиана в удобных единицах (зависит от настройки)
1528	Длина меридиана. Почти половина длины экватора
1529	Ограничить группу
1530	Ограничить группу по особенностям
1531	Ограничить правило
1532	Ограничить единицу
1533	Строка ${id}:
1534	Степень упрощения линий. Увеличьте для лёгкого прироста производительности
1535	Стиль линии
1536	Линия: выберите две точки, чтобы менять высоты вдоль неё
1537	Линейно
1538	Окончание линии
1539	Соединение линий
1540	Только линии
1541	Ссылка скопирована в буфер обмена
1542	Ссылка или файл новой картинки выбранной иконки.
1543	-
1544	Список ниже показывает отношения с ${selectedName}
1545	Загрузить
1546	Загрузить свою текстуру
1547	Загрузить полнофункциональную карту (форматы .map или .gz)
1548	Загрузить Google Переводчик
1549	Загрузите Google Переводчик и выберите язык. Автоматический перевод может сломать часть функций страницы. Если это случилось, верните английский или обновите страницу
1550	Загрузить изображение для преобразования
1551	Загрузить карту
1552	Загрузить карту
1553	Загрузить файл карты (.map или .gz) по ссылке. Сервер должен разрешать CORS
1554	Загрузить файл карты (.map или .gz) из вашего Dropbox
1555	Загрузить файл карты (.map или .gz) с диска
1556	Загрузить карту из
1557	Загрузить карту из хранилища браузера (если сохраняли ранее)
1558	Загрузить карту из файла
1559	Загрузить карту по ссылке
1560	Загрузить карту по URL
1561	Загрузить сохранённую карту
1562	Загруженные данные — некорректный JSON, проверьте формат
1563	ЗАГРУЗКА
1564	Ошибка загрузки
1565	Загрузка…
1566	-
1567	Местный
1568	МЕСТНОЕ
1569	Местный бонусный ресурс
1570	Локальный шрифт
1571	Местная покупка
1572	Местное производство
1573	Найти
1574	Найти на карте
1575	Найти культуру
1576	Найти объект
1577	Найти путешествие
1578	Найти надпись
1579	Найти маркер
1580	Найти провинцию
1581	Найти религию
1582	Найти реку
1583	Найти маршрут
1584	Найти государство
1585	Местоположение
1586	Заблокировать
1587	Заблокировать культуру
1588	Заблокировать маркер
1589	Заблокировать или разблокировать все города
1590	Заблокировать или разблокировать все путешествия
1591	Заблокировать или разблокировать все маршруты
1592	Заблокировать провинцию
1593	Заблокировать государство, чтобы защитить от пересоздания
1594	Заблокировать эту религию
1595	Заблокировано. Кликните, чтобы разблокировать элемент и разрешить инструментам пересоздания менять его
1596	-
1597	-
1598	Фаза грабежа. Разграбите город: сила единиц повышена
1599	Растровое изображение без потерь с прозрачным фоном
1600	Низкий остров
1601	Кисть «понижение»: тяните, чтобы снижать высоту ячеек в радиусе на значение силы
1602	Самая низкая среднегодовая норма осадков
1603	Самая низкая среднегодовая температура
1604	м
1605	-
1606	Mac с Apple silicon
1607	Mac с Intel
1608	-
1609	Мандат
1610	Фаза маневрирования. Сила единиц снижена
1611	Вручную назначить товары ячейкам
1612	Вручную переназначить биомы, отступив от обычной зависимости влажности/температуры
1613	Вручную переназначить культуры
1614	Вручную переназначить территории рынков
1615	Вручную переназначить провинции
1616	Вручную переназначить религии
1617	Вручную переназначить государства
1618	Фабричные товары производятся в городах
1619	Производство из ${allInputs}
1620	Шаг производства
1621	Карту нельзя сохранить в режиме редактирования; завершите правку и повторите
1622	Координаты карты на глобусе
1623	Карта сохранена в хранилище браузера
1624	Карта сохранена в вашем Dropbox
1625	Карта успешно загружена
1626	Мини-карта
1627	Название карты:
1628	Показ карты в 3D-сцене. Лучше всего для карты высот; редактирование недоступно
1629	Не удалось прочитать карту
1630	Seed карты
1631	Число seed карты. Нажмите Enter, чтобы применить. Seed повторяет карту только при том же размере и настройках
1632	Размер карты
1633	Размер карты:
1634	Ссылка на карту скопирована в буфер обмена
1635	Версия карты: ${mapVersion}. Версия генератора: ${VERSION}.
1636	Карта будет разбита на тайлы и скачана одним zip-файлом. Не сохраняйте слишком большие изображения
1637	Карты сохраняются в
1638	М<u>а</u>ркеры
1639	Мрамор (крупная)
1640	Голубой мрамор
1641	Голубой мрамор (крупная)
1642	Мрамор (мелкая)
1643	Маркграфство
1644	Маркер
1645	Размер элемента маркера в пикселях
1646	Иконка маркера
1647	Смещение иконки маркера по X и Y, проценты. 50 — иконка по центру
1648	Размер иконки маркера в единицах карты. Повозки рисуются вполовину меньше. Больше = крупнее иконки
1649	Размеры иконок маркера в пикселях
1650	Размеры элемента и иконки маркера в пикселях
1651	Название маркера, видно в редакторе заметок и в обзорах
1652	Множитель числа маркеров
1653	Форма закрепки маркера
1654	Размер маркера
1655	Тип маркера
1656	Название типа маркера
1657	Тип маркера. Изменения стиля применятся ко всем маркерам того же типа. Оставьте пустым для уникального маркера
1658	Маркеры
1659	Настройки генерации маркеров
1660	Маркеры в радиусе
1661	Число маркеров
1662	Обзор маркеров
1663	Рынок
1664	Название города-центра рынка. Кликните, чтобы отсортировать
1665	Название рынка. Кликните, чтобы посмотреть подробности
1666	Ценность рынка: чистый торговый поток плюс стоимость непроданного запаса минус налог
1667	Ценность рынка: чистый торговый поток плюс стоимость непроданного запаса минус налог. Кликните, чтобы отсортировать
1668	Рынки
1669	Обзор рынков
1670	Марс (крупная)
1671	Марс (мелкая)
1672	Маска: понижать ячейки у краёв или в центре карты
1673	Мавритания (мелкая)
1674	макс
1675	Макс. глубина:
1676	Максимальная высота
1677	Максимальная температура
1678	Максимальная длина должна быть больше минимальной
1679	Максимум итераций заполнения впадин:
1680	Максимальная средняя высота
1681	Достигнут максимум биомов (255), нужна чистка данных
1682	Максимальное число итераций заполнения впадин. Увеличьте, если реки обрываются, не дойдя до озера или моря
1683	Максимальный уровень масштаба (больше 1)
1684	Максимальный уровень приближения, на котором видна группа
1685	Максимальное приближение для показа группы; пусто — без ограничения
1686	Средняя высота:
1687	означает, что возможны имена вроде «Kalla», «Mikkor», «Dalddur». Параметр может быть пустым.
1688	Измерители
1689	Редактор измерителей
1690	Средиземье
1691	-
1692	Фаза рукопашной. Здесь сильны единицы ближнего боя
1693	-
1694	Участник
1695	Меркурий (крупная)
1696	Меркурий (мелкая)
1697	Объединить
1698	Объединить провинции
1699	Объединение провинций
1700	Объединить несколько провинций в одну
1701	Объединить несколько государств в одно
1702	Объединить государства
1703	Длина меридиана:
1704	-
1705	Детализация сетки:
1706	-
1707	ПРОИЗВ
1708	мили
1709	Средиземье
1710	Войско
1711	Обзор войска
1712	Доля военного персонала (от населения государства). Зависит от военной тревоги
1713	Доля военного персонала (от населения государства). Зависит от военной тревоги. Кликните для сортировки
1714	Миллисекунд на единицу пути. Меньше = быстрее анимация
1715	мин
1716	Минимальная пригодность
1717	Минимальная высота
1718	Минимальная температура
1719	Минимальная длина не может быть больше максимальной
1720	Мини-карта
1721	Минимальная средняя высота
1722	Минимальный уровень масштаба (больше 0)
1723	Минимальный уровень приближения, на котором видна группа
1724	Минимальное приближение для показа группы; пусто — без ограничения
1725	MIR — генератор фантастических карт Azgaar
1726	Отразить
1727	Отразить карту высот по оси
1728	Отсутствующие группы:
1729	Стык
1730	Режим
1731	режим также позволяет преобразовать изображение в карту высот или использовать редактор шаблонов.
1732	режим, чтобы менять береговую линию и сохранить данные. Данные восстановятся насколько смогут, но возможны непредсказуемые ошибки.
1733	Модель
1734	Название модели
1735	Денежный поток по строкам сделок: отрицательный для ПОКУПКИ, положительный для ПРОДАЖИ. Чистое производство пусто.
1736	Монотонно по X
1737	Орка Мориа
1738	Гора
1739	Ширина устья:
1740	Вниз
1741	Отнести выбранную иконку рельефа назад
1742	Вынести выбранную иконку рельефа наперед
1743	Переместить отрезок вверх
1744	Вверх
1745	Ведите курсор по карте (когда урок закончен): строка подсказок внизу показывает сведения о ячейках, городах, государствах и прочем. Нажимайте «Далее», чтобы продолжить.
1746	-
1747	Множитель
1748	Множитель длительности пути по суше. Больше = медленнее анимация по суше
1749	Множители
1750	Умножить высоту всех ячеек на значение
1751	Умножить все высоты в диапазоне на множитель
1752	Муниципалитет
1753	Должно начинаться в ячейке с маршрутом
1754	С
1755	-
1756	имя
1757	Название
1758	Базы имён
1759	Название не может быть пустым
1760	Режим показа названия применим только к государствам и провинциям
1761	Режим показа названия: авто выбирает лучший вариант, короткое/полное задают конкретную форму
1762	Режим показа названия. Только для государств и провинций
1763	Название эпохи текущего года и её сокращение
1764	Название карты. По нему называются скачиваемые файлы
1765	Название*
1766	База имён не найдена
1767	Данные названий не должны быть пустыми
1768	Данные названий:
1769	Данные названий: список исходных имён через запятую для генерации названий
1770	Названия, использованные более одного раза
1771	База имён
1772	Редактор баз имён
1773	База имён не задана, выберите корректную
1774	Естественно
1775	Флот
1776	Морское сражение: бой морских единиц
1777	Навигация по карте
1778	-
1779	Ближняя к берегу суша
1780	Инвертировать — подходить ячейкам, где условие ЛОЖЬ
1781	Чистая казна города после местных покупок, местных продаж и закрытия местного спроса.
1782	Чистый поток этого рынка
1783	Чистый поток:
1784	Название нейтральной культуры. Кликните и введите, чтобы изменить
1785	Площадь нейтральных земель
1786	Название нейтральных земель. Кликните, чтобы изменить
1787	Нейтралитет означает, что отношения государств ни позитивны, ни негативны
1788	Нейтральные земли не платят налогов
1789	-
1790	Новый чат
1791	Новая карта
1792	Новую карту нельзя создать в режиме редактирования; выйдите из режима и повторите
1793	Новая карта!
1794	Новая память
1795	Новое название
1796	Вышла новая версия
1797	Файл новой версии
1798	Следующая страница
1799	рядом с каждой провинцией, которую хотите объединить. Используйте
1800	рядом с каждым государством, которое хотите объединить. Используйте
1801	Ночь
1802	нет
1803	Нет
1804	Нет биомов для показа
1805	Ни один город не производит ${good.name}.
1806	Нет городов для показа
1807	Изменений в файле не найдено. Поменяйте хотя бы пару названий
1808	Чатов пока нет.
1809	Нет культур для показа
1810	Культуры, государства и города создаваться не будут.
1811	Нет эмблем для правки; сначала создайте государства и города
1812	Не найдено замкнутой области для заливки
1813	Нет данных о товарах.
1814	Исторических записей нет
1815	Больше нет на этой карте
1816	Карта не сохранена. Сначала сохраните карту в хранилище браузера
1817	Нет рынка
1818	Нет рынка. Этот город не присоединён ни к одному рынку.
1819	Ни один элемент заметки не найден на карте. Ничего не загружено
1820	Заметок пока нет. Кликните по городу, маркеру, государству или иному объекту карты и добавьте заметку из его редактора
1821	Без обводки
1822	Без узора
1823	Цепочки производства не найдены: сначала добавьте фабричные товары с рецептами.
1824	Нет данных о производстве этого города.
1825	Нет религий для показа
1826	Нет результата для применения
1827	Нет маршрутов для присоединения. Маршрут должен начинаться или заканчиваться на той же ячейке
1828	Правил нет: вся суша берёт пул рельефа своего биома
1829	Нет государств для показа
1830	Запас ${good.name} не найден ни на одном рынке и ни в одном городе.
1831	Нет доступных тегов
1832	Без текстуры
1833	Нет нераспределённых цветов. Загрузите изображение и нажмите кнопку ещё раз
1834	Нет незаблокированных путешествий для удаления
1835	В этой ячейке нет корректного города. Кликните по ячейке с городом
1836	Нет зон для показа
1837	Нолдор
1838	Кочевники
1839	Символы вне базового набора: ${nonBasicLatinChars}
1840	-
1841	Нет
1842	Полдень
1843	-
1844	Обычный
1845	Нормированный столбец
1846	Северный
1847	Не слой
1848	Недоступно с фильтром «только суша»
1849	Недоступно с фильтром «только вода»
1850	Недостаточно сил для разделения
1851	Не сейчас
1852	Элемент заметки не найден
1853	Элемент заметки не найден. Удалить заметку?
1854	Форматирование заметки
1855	Заметки
1856	Редактор заметок
1857	Заметки без элемента
1858	-
1859	Номер
1860	Число полос вокруг берега
1861	Число городов
1862	Города в группе
1863	Городов на территории рынка
1864	Городов без рынка
1865	Ячеек на территории рынка
1866	Ячеек без рынка
1867	Прибрежных ячеек
1868	Число столбцов
1869	Число товаров (показано / всего)
1870	Сейчас в этой группе таких надписей
1871	Сейчас в этой группе таких надписей. Кликните по списку, чтобы увидеть их
1872	Втекающих в озеро рек
1873	Биомов на суше
1874	Земельных ячеек
1875	Надписей в списке
1876	Маркеров этого типа на текущей карте
1877	Указано названий
1878	Ячеек рек
1879	Число строк
1880	Выбранных надписей
1881	Число зон
1882	-
1883	-
1884	Нумерованный список
1885	Оккупационная зона
1886	-
1887	Океан
1888	Океан / Море
1889	Украшение океана
1890	Слои океана
1891	выкл
1892	Выкл
1893	ОК
1894	ОК
1895	-
1896	Старофранцузский
1897	Старый Свет
1898	вкл
1899	на GitHub.
1900	При загрузке
1901	Одностраничное подземелье
1902	Будет создано только ${count} культур из запрошенных ${options.generation.cultures.limit}.
1903	Только эмблема с гербовой фигурой может показывать её без щита
1904	В списке редактора остаются только товары хотя бы с одним выбранным тегом
1905	только суша
1906	Красить только ячейки со значением 0 (нейтральные)
1907	только вода
1908	Непрозрачность
1909	Непрозрачность изолиний
1910	Непрозрачность штрихов рельефа
1911	Непрозрачность ряби озёр
1912	-
1913	Открыть 3D-сцену
1914	Открыть ассистента Azgaar
1915	Урок по бою
1916	Открыть редактор биомов
1917	Открыть редактор групп городов
1918	Открыть карту города в новой вкладке
1919	Открыть обзор городов
1920	Открыть сведения о ячейке
1921	Открыть редактор береговой линии
1922	Открыть редактор культур
1923	Открыть графики
1924	Открыть обзор дипломатии
1925	Открыть редактор эмблем
1926	Открыть обзор географических объектов
1927	Открыть вид на глобусе
1928	Открыть редактор товаров
1929	Открыть преобразование изображения
1930	Открыть обзор путешествий
1931	Открыть редактор групп надписей
1932	Открыть обзор надписей
1933	Открыть последнюю сохранённую карту
1934	Открыть вкладку «Слои»
1935	Открыть историю мира
1936	Открыть обзор маркеров
1937	Открыть обзор рынков
1938	Открыть редактор измерителей
1939	Урок по военным единицам
1940	Открыть обзор войска
1941	Открыть мини-карту
1942	Открыть редактор баз имён
1943	Открыть редактор заметок
1944	Открыть вкладку «Настройки»
1945	Открыть ранее скачанный файл стиля
1946	Открыть ранее скачанный шаблон
1947	Открыть цепочки производства
1948	Открыть редактор провинций
1949	Открыть обзор полков
1950	Открыть редактор правил рельефа
1951	Открыть редактор религий
1952	Открыть обзор рек
1953	Открыть окно создания маршрута
1954	Открыть редактор групп маршрутов
1955	Открыть обзор дорог
1956	Открыть редактор государств
1957	Открыть вкладку «Стиль»
1958	Открыть редактор шаблонов
1959	Редактор шаблонов
1960	Урок по редактору шаблонов
1961	Открыть визуальный редактор распределения
1962	Открыть эмблему в Armoria, редакторе гербов: изменения видны на карте сразу
1963	Откройте редактор карты высот, чтобы лепить рельеф вручную, повышая или понижая высоту. Здесь меняются береговые линии, реки и биомы.
1964	Откройте настройку групп надписей, чтобы создавать, править и менять порядок групп
1965	Открыть меню настроек
1966	Открыть настройки производительности
1967	Откройте настройку мира, чтобы задать положение карты на глобусе и климат
1968	Открыть вкладку «Инструменты»
1969	Открыть редактор анимации торговли
1970	Открыть редактор типов транспорта
1971	Открыть редактор военных единиц
1972	Открыть статью вики о масштабе и расстояниях, чтобы понять сетку
1973	Открыть статью Википедии о биоме
1974	Открыть настройку мира
1975	Открыть инструмент сворачивания
1976	Открыть редактор зон
1977	Открытие инструмента сотрёт текущую карту. Продолжить?
1978	Операнд должен быть числом
1979	Операнд должен быть целым числом
1980	Оптимизировать скорость
1981	Настройки
1982	Вкладка «Настройки»
1983	или
1984	Или загрузите из вашего аккаунта Dropbox
1985	Порядок
1986	Восточный
1987	Другие системы
1988	вывоз
1989	Вывод
1990	Овал
1991	Поверх цветов
1992	Непрозрачность наложения:
1993	Перезаписать заданный вручную путь?
1994	Владелец
1995	Государство-владелец
1996	-
1997	-
1998	упакованные ячейки
1999	Кисть биомов
2000	Кисти
2001	Кисть культур
2002	Кисть ячеек рынков
2003	Кисть провинций
2004	Кисть религий
2005	Кисть государств
2006	Кисть зон
2007	Пальма
2008	-
2009	Пангея
2010	Формат абзаца
2011	Приход
2012	Ошибка разбора
2013	Вставьте ссылку на изображение
2014	Вставьте корректные данные стиля в формате JSON
2015	-
2016	-
2017	-
2018	Узор 1
2019	Узор 2
2020	Узор 3
2021	Узор 4
2022	Узор 5
2023	Узор 6
2024	Пауза между сухопутным и водным отрезками в миллисекундах. Больше = длиннее пауза
2025	-
2026	Павеза
2027	Полуостров
2028	Вымпел
2029	Пеннон
2030	Пятиугольник
2031	Множители добычи по измерениям. 1 — без эффекта, 0 — полностью подавлено.
2032	проценты
2033	Доля названий с пробелом
2034	Производительность
2035	Настройки производительности
2036	Пергамена (мелкая)
2037	Сначала выберите другие концы, затем меняйте тип транспорта или используйте
2038	Закрепить
2039	Цвета закрепки:
2040	Цвета заливки и обводки закрепки
2041	Закрепить маркер
2042	Закрепить маркер (показывать только закреплённые)
2043	Форма закрепки:
2044	В этих водах замечены пиратские корабли.
2045	Яма: круглая впадина
2046	Расставить иконки массово
2047	Размещение
2048	Диапазон размещения по X в процентах (minX-maxX)
2049	Диапазон размещения по Y в процентах (minY-maxY)
2050	Штукатурка
2051	Размер пластины
2052	площадь,
2053	Пожалуйста
2054	Сначала назначьте цвета высотам
2055	Кликните по полку
2056	Кликните по полку, чтобы атаковать
2057	Введите запрос
2058	Введите ключ API
2059	Сначала выйдите из режима настройки
2060	Сначала выйдите из режима преобразования изображения
2061	Укажите название биома
2062	Заметьте: сервер должен разрешать CORS для загрузки файла. Если CORS запрещён, сохраните файл в Dropbox и дайте прямую ссылку
2063	Укажите название шрифта
2064	Укажите название пресета
2065	Укажите JSON стиля
2066	Укажите корректное название группы
2067	Укажите корректное число в диапазоне 0-9999
2068	Укажите корректную ссылку
2069	Выберите модель
2070	Выберите провинцию, с которой объединить
2071	Сначала выберите полк
2072	Выберите иконку рельефа на карте
2073	Выберите государство, с которым объединить
2074	Выберите иконку
2075	Выберите несколько провинций для объединения
2076	Выберите несколько государств для объединения
2077	Выберите государство из списка
2078	Загрузите файл карты (<i>.map</i> или <i>.gz</i>), который вы ранее скачали
2079	График
2080	-
2081	Масштаб PNG / JPEG:
2082	-
2083	Число точек
2084	Политика
2085	Польский
2086	Подушная подать:
2087	-
2088	Заполнить буквами, которые могут удваиваться (геминаты)
2089	Населе<u>н</u>ие
2090	Население
2091	порт,
2092	Положение
2093	Выбрать положение иконки
2094	Позиция x
2095	Позиция y
2096	Возможный охват религии
2097	Сила
2098	Сила не должна быть нулевой
2099	Осад<u>к</u>и
2100	Готовые карты высот
2101	Префектура
2102	Пресет
2103	Название пресета
2104	Название пресета:
2105	Предпросмотр
2106	Предпросмотр генератора
2107	Предпросмотр карты высот в 3D
2108	Предыдущая страница
2109	предыдущих версий
2110	Цена
2111	Цена товара. Кликните для сортировки
2112	Основной
2113	основная провинция
2114	Вероятность инверсии, диапазон 0-1
2115	Вероятность получения товара
2116	Продолжить
2117	Произведено
2118	Продукт
2119	Продукт на человека: валовой продукт, делённый на население.
2120	Производство
2121	Цепочки производства
2122	Множитель добычи по ${label.toLowerCase()}. 1 — без эффекта, 0 — полностью подавлено
2123	Стоимость производства
2124	Объём производства
2125	Спроецировать карту на глобус. Для правки не подходит
2126	-
2127	Предложить пакет зарегистрированных операций. Карту он не меняет: пользователь смотрит предпросмотр и применяет или отбрасывает.
2128	Предложить это изменение
2129	Укажите название новой группы
2130	Укажите данные названий: список исходных названий через запятую
2131	Укажите свою ссылку на карту города. Это может быть ссылка на генератор или просто изображение. Оставьте пустым для карты по умолчанию
2132	Поставщик
2133	провинция
2134	Провинция
2135	Площадь провинции
2136	Столица провинции. Кликните, чтобы выбрать город в государстве. Без столицы провинция управляется из столицы государства
2137	Столица провинции. Кликните, чтобы приблизить
2138	Нельзя назначить центр провинции в другом регионе. Сначала удалите провинцию
2139	В провинции нет ячеек, население не изменить
2140	Название типа провинции
2141	Название типа провинции. Кликните, чтобы изменить
2142	Полное название провинции
2143	Название провинции. Кликните, чтобы изменить
2144	Владелец провинции
2145	Короткое название провинции
2146	Провинции
2147	График провинций
2148	Провинций показано
2149	Редактор провинций
2150	Доля провинций
2151	-
2152	Фаза преследования. Конница превосходит
2153	Фаза преследования. Попытка перехватить бегущих. Конница превосходит
2154	Фаза преследования. Силы увеличены
2155	-
2156	-
2157	Качество
2158	Быстрая загрузка карты
2159	Быстрая настройка освещения для разного времени суток
2160	Цитата
2161	-
2162	-
2163	Радиус вокруг маркера в единицах расстояния карты — внутри него маркеры показываются в списке
2164	Радиус x
2165	Радиус y
2166	Радиус:
2167	Повышающая кисть: поднимает ячейки в радиусе на значение «Сила»
2168	-
2169	Случайно
2170	Случайный шанс
2171	Случайный коэффициент атакующих. Кликните, чтобы перебросить
2172	Случайный коэффициент защитников. Кликните, чтобы перебросить
2173	Случайная форма айсберга
2174	Перемешать «Расширение государств» и пересчитать государства и провинции
2175	Хребет: вытянутое повышение
2176	Оценка
2177	-
2178	Сырьё добывает сельское население в ячейках по доступности биома, а также в ячейках и городах при назначенном бонусном ресурсе
2179	Добыча сырья
2180	Перераспределить зоны
2181	Пересоздать примеры по указанным данным
2182	Перерасставить
2183	Перерасставить рельеф
2184	Перерасставить рельеф по правилам, чтобы применить правки
2185	Пересоздать этот товар и пересчитать производство, торговлю и налоги. Снимите, чтобы обновить только товар, не затрагивая экономику.
2186	Прочитать карту
2187	Перестроить территории рынков, производство, сделки и налоги по текущим товарам и рынкам
2188	Пересчитать
2189	Пересчитать культуры по текущим значениям признаков роста
2190	Пересчитать войско
2191	Пересчитать войско по текущим настройкам
2192	Пересчитать религии по текущим значениям признаков роста
2193	Пересчитать государства по текущим значениям признаков роста
2194	Рецепты
2195	Перекрасить перечисленные провинции по цвету государства
2196	Рекомендованная максимальная длина названия
2197	Рекомендованная минимальная длина названия
2198	Запись
2199	Прямоугольная
2200	Сообщество Reddit
2201	Повторить
2202	Повторить действие
2203	Повторить действие (Ctrl + Y)
2204	Повторить мазок (Ctrl + Y)
2205	Перерисовывать при масштабировании
2206	Обновить предпросмотр
2207	Уменьшить число слоёв
2208	Обновить
2209	Обновить экран сделок
2210	Обновить редактор
2211	Обновить обзор
2212	Обновить обзор
2213	Обновить экран обзора
2214	Обновить экран обзора
2215	Пересоздать
2216	Пересоздать бонусные товары
2217	Пересоздать размещение бонусных товаров
2218	Пересоздать названия городов по назначенной культуре
2219	Пересоздать города
2220	Пересоздать название культуры
2221	Пересоздать культуры
2222	Пересоздать дипломатические отношения
2223	Пересоздать экономику
2224	пересоздать экономику при применении
2225	Пересоздать элемент
2226	Пересоздать эмблемы
2227	Пересоздать товары
2228	Пересоздать льды
2229	Пересоздать запись об этом полке
2230	Пересоздать маркеры
2231	Пересоздать рынки
2232	Пересоздать рынки
2233	Пересоздать рынки и их территории
2234	Пересоздать войско
2235	Пересоздать население
2236	Пересоздать предпросмотр
2237	Пересоздать производство
2238	Пересоздать производство
2239	Пересоздать производство и торговлю
2240	Пересоздать производство и торговые сделки
2241	Пересоздать провинции
2242	Пересоздать отношения
2243	Пересоздать рельеф
2244	Пересоздать религии
2245	Пересоздать реки
2246	Пересоздать реки и позволить воде менять высоты и образовывать озёра. Рекомендуется
2247	Пересоздать маршруты
2248	Пересоздать надписи государств
2249	Пересоздать государства
2250	Пересоздать эмблему
2251	Пересоздать открытые маркеры
2252	Пересоздать зоны
2253	Полк
2254	База полка. Перетащите, чтобы переместить
2255	Полк не может атаковать сам себя
2256	В полку нет воинов для боя
2257	Иконка полка
2258	Полк уже в бою
2259	Тип полка (сухопутный или флот). Кликните, чтобы изменить
2260	Эмблема полка
2261	Название полка
2262	полки
2263	Полки
2264	Обзор полков
2265	Регион
2266	Региональный
2267	-
2268	Ровный повторяющийся узор
2269	Отношения
2270	Отношения неизвестны, если государствам не хватает сведений друг о друге
2271	Изменение отношений
2272	История отношений
2273	Матрица отношений
2274	Разрыв отношений
2275	Отношения с
2276	Освободить
2277	Освободить все провинции. Все провинции с городами станут независимыми
2278	Освободить провинции
2279	страница релизов
2280	Релье<u>ф</u>
2281	Рельеф
2282	Иконки рельефа
2283	Правила рельефа
2284	Набор рельефа, в котором рисуются иконки: стиль или закреплённый за иконкой
2285	Религия
2286	Область религии
2287	У религии нет ячеек, население не изменить
2288	Экспансионизм религии. Задаёт соревновательный размер
2289	Экспансионизм религии. Задаёт соревновательный размер. Кликните, чтобы изменить, затем «Пересчитать»
2290	Форма религии
2291	Название религии. Кликните и введите новое
2292	Верховное божество религии
2293	Тип религии
2294	Религии
2295	Редактор религий
2296	Число религий
2297	Перезагрузить
2298	Переместить город. Кликните по карте
2299	Переместить рынок. Кликните по городу на карте
2300	-
2301	Удалить
2302	Удалить все
2303	Удалить все путешествия
2304	Удалить все маркеры
2305	Удалить все измерители
2306	Удалить все измерители с карты
2307	Удалить все провинции
2308	Удалить все провинции. Государства останутся как есть
2309	Удалить все реки
2310	Удалить все маршруты
2311	Удалить все открытые города, кроме столиц. Чтобы удалить столицу, сначала удалите государство
2312	Удалить все незаблокированные путешествия
2313	Удалить все открытые маркеры
2314	Удалить все открытые маршруты (закреплённые останутся)
2315	Удалить город
2316	Удалить цветовую точку
2317	Удалить культуру
2318	Удалить свою иконку
2319	Убрать из пула
2320	Удалить товар
2321	Удалить группу
2322	Удалить иконки массово
2323	Удалить изображение ${index + 1}
2324	Убрать ингредиент
2325	Удалить путешествие
2326	Удалить надпись
2327	Удалить группу надписей
2328	Удалить группу озёр
2329	Удалить маркер
2330	Удалить рынок
2331	Удалить рынок
2332	Удалить город не-столицу
2333	Удалить заметку
2334	Удалить провинцию
2335	Удалить рецепт
2336	Удалить полк
2337	Удалить иконки рельефа
2338	Удалить религию
2339	Убрать ресурс
2340	Удалить реку
2341	Удалить реку и притоки
2342	Удалить маршрут
2343	Удалить группу маршрутов
2344	Удалить отрезок
2345	Удалить выбранную иконку рельефа или тип иконок
2346	Удалить государство
2347	Удалить пресет стиля
2348	Убрать ячейку
2349	Удалить график
2350	Удалить свой биом
2351	Удалить элемент
2352	Удалить группу
2353	Удалить группу? Надписи не изменятся, пока не применить.
2354	Убрать иконку с карты
2355	Удалить путешествие
2356	Удалить надпись
2357	Убрать путь надписи, вывести надпись прямо
2358	Удалить маркер
2359	Удалить измеритель
2360	Удалить точку
2361	Удалить провинцию
2362	Удалить правило
2363	Удалить отрезок
2364	Удалить государство
2365	Удалить шаг
2366	Удалить тип транспорта
2367	Удалить единицу
2368	Убрать это условие
2369	Удалить этот свой пресет
2370	Убрать этот рынок
2371	Удалить эту заметку
2372	Удалить тип транспорта
2373	Удалить тип единиц
2374	Удалить открытые маршруты
2375	Удалить зону
2376	Ренессанс
2377	Переименовать
2378	Массовое переименование городов
2379	Рисовать ячейки ниже уровня моря (высота меньше 20)
2380	Показать данные карты высот маленьким монохромным изображением
2381	Рисовать ячейки океана
2382	Рисовать высоты океана
2383	Группа отрисовки
2384	Группа отрисовки: svg-группа, в которой рисуется озеро. Группы создаются в редакторе озёр
2385	Группа отрисовки: svg-группа, в которой рисуется озеро. На генерацию не влияет
2386	Порядок отрисовки: большие значения рисуются сверху
2387	Порядок отрисовки: группы с меньшим значением рисуются сверху
2388	Пресет отрисовки: качество в обмен на скорость. Выберите «Скорость», если карта тормозит
2389	Заменить
2390	Заменить правила рельефа стандартными холмами и горами?
2391	Заменить эмблему целиком картинкой: выберите, вставьте ссылку или загрузите изображение, например готовый герб
2392	Республика
2393	обязательно
2394	Перерисовать все изображения предпросмотра
2395	Масштабировать стили городов
2396	Масштабирование: менять высоту при выполнении условия
2397	Резервация
2398	Сбросить
2399	Сбросить свою правку и следовать настройкам карты
2400	Сбросить язык до английского
2401	Сбросить масштаб карты
2402	Сбросить настройки
2403	Сбросить масштаб предпросмотра
2404	Сбросить окно: вернуть положение, столбцы и сортировку по умолчанию
2405	Сбросить отрезок: пересчитать путь, вернуть цвет, скорость и время по умолчанию
2406	К значениям по умолчанию
2407	К настройкам карты
2408	Вернуть значение пресета «Баланс»
2409	Вернуть название по умолчанию (название города в центре)
2410	К глобальным значениям карты
2411	Сбросить масштаб
2412	Перемешивает, где будут спокойные, а где бурные участки
2413	Восстановить
2414	Вернуть видимость столбцов по умолчанию
2415	Восстановить исходные данные
2416	Восстановить товары по умолчанию
2417	Вернуть список по умолчанию и пересоздать товары
2418	Стандартный размер карты: размер окна
2419	Восстановить единицы и настройки войска по умолчанию
2420	Восстановить базу имён по умолчанию
2421	Восстановить типы транспорта по умолчанию
2422	Восстановить настройки единиц по умолчанию
2423	Вернуть размещение надписей до растаскивания
2424	Восстановить правила рельефа
2425	Вернуть стандартные холмы и горы
2426	Вернуть надпись по умолчанию
2427	Вернуть типы транспорта по умолчанию, удалив свои
2428	Вернуть типы транспорта по умолчанию? Свои будут удалены. Отрезки, ссылающиеся на удалённый тип, сохранят имя, но перестанут находиться.
2429	Вернуть стандартные пределы масштаба
2430	Вернуть значения по умолчанию и определить биомы заново по текущей влажности и температуре
2431	Вернуть цвета иконки по умолчанию
2432	Вернуть зелёную тему MIR
2433	Вернуть ветра
2434	Ограничить кисть типами ячеек
2435	Фаза отступления. Силы уменьшены
2436	Повторить
2437	Отменить
2438	Отменить все правки вершин на этой карте
2439	Отменить правки вершин
2440	Ромбическая сетка
2441	Р<u>е</u>ки
2442	Длина ряби по доступной ширине воды
2443	Толщина штриха ряби в пикселях карты
2444	Рябь
2445	Соперничество
2446	Соперничество — это борьба за господство в регионе
2447	Река
2448	Бассейн реки (название основного русла)
2449	Расход воды реки (сила потока)
2450	Дренажный бассейн реки (водосбор)
2451	Длина реки от истока до устья
2452	Длина реки в выбранных единицах
2453	Ширина устья реки
2454	Ширина устья в выбранных единицах
2455	Название реки
2456	Дополнительная ширина истока реки. По умолчанию 0
2457	Название типа реки
2458	Речные долины:
2459	Множитель ширины реки. По умолчанию 1
2460	Реки
2461	Число рек
2462	Обзор рек
2463	Д<u>о</u>роги
2464	Бросьте кубики, чтобы обновить случайный коэффициент
2465	Римский
2466	Повернуть
2467	Круглый
2468	Маршрут
2469	Группа маршрутов
2470	Длина маршрута
2471	Длина маршрута в выбранных единицах
2472	Связи маршрутов
2473	Название маршрута
2474	Маршрут для присоединения:
2475	Дороги
2476	Маршруты присоединены
2477	Число маршрутов
2478	Обзор дорог
2479	-
2480	Суровость
2481	-
2482	Название правила
2483	Правители
2484	правящее государство
2485	-
2486	Сельская местность
2487	Сельское население
2488	Сельское производство
2489	Ю
2490	-
2491	Продажа на местный рынок
2492	Продажи
2493	Налог с продаж применяется к сделкам, где продавец из государства. Подушная подать — ко всему населению. Изменения налогов действуют после пересчёта производства
2494	Налог с продаж платит продавец при местной сделке. Он вычитается из суммы продажи и поступает в казну государства.
2495	Налог с продаж:
2496	Солёное озеро
2497	Образец
2498	Текстура со спутника
2499	Сохранить
2500	Сохранение и загрузка карт
2501	Скачать данные биомов в текстовый файл (.csv)
2502	Скачать данные городов в текстовый файл (.csv)
2503	Сохранить текущий JSON как новый пресет стиля
2504	Сохранить данные в файл CSV
2505	Скачать данные объектов в текстовый файл (.csv)
2506	Сначала сохраните файлы в Dropbox
2507	Сохранить полнофункциональный файл карты
2508	Скачать отрезки путешествий в текстовый файл (.csv)
2509	Скачать данные путешествий в текстовый файл (.csv)
2510	Сохранить пресет слоёв
2511	Сохранить пресет слоёв
2512	Сохранить карту
2513	Сохранить карту как…
2514	Сохранить файл карты
2515	Сохранить файл карты в ваш Dropbox
2516	Сохранить карту в
2517	Сохранить карту в хранилище браузера
2518	Сохранить карту в Dropbox
2519	Скачать данные маркеров в текстовый файл (.csv)
2520	Скачать данные торговых сделок в текстовый файл (.csv)
2521	Сохранить данные рынков в файл CSV
2522	Скачать данные войска в текстовый файл (.csv)
2523	Сохранить OBJ-файл 3D-сцены
2524	Скачать данные провинций в текстовый файл (.csv)
2525	Напоминание о сохранении выключено. Нажмите CTRL+Q снова, чтобы включить
2526	Напоминание о сохранении включено. Нажмите CTRL+Q, чтобы выключить
2527	Скачать данные рек в текстовый файл (.csv)
2528	Скачать данные дорог в текстовый файл (.csv)
2529	Сохранить снимок 3D-сцены
2530	Скачать матрицу отношений государств в текстовый файл (.csv)
2531	Скачать данные государств в текстовый файл (.csv)
2532	сохранить карту
2533	Сохранить проект только в хранилище браузера
2534	Сохранить в выбранный файл; Shift + клик выберет другое имя или место
2535	Ошибка сохранения
2536	Векторное изображение: лучшее качество, открывается в браузере или Inkscape
2537	Масштаб
2538	Масштабная линейка
2539	Нижний край линейки в процентах
2540	Правый край линейки в процентах
2541	Колесо мыши приближает и отдаляет. Зажмите и ведите по карте, чтобы сдвигать. Двойной клик центрирует на точке.
2542	-
2543	Поиск
2544	Поиск встроенных иконок
2545	Поиск шрифтов
2546	Поиск по карте и командам
2547	Результаты поиска
2548	Вторичный
2549	Показать эмблему (герб) государства, провинции или города картинкой, чтобы описать её или сопоставить с историей. Её видит и пользователь.
2550	История seed
2551	отрезок
2552	Цвет отрезка. Кликните, чтобы изменить
2553	Расстояние отрезка
2554	Название отрезка: ${escapeHtml(segment.name)}
2555	Пауза отрезка
2556	отрезки
2557	Выделение
2558	Выбрать ${label}
2559	Ниже выберите цвет и назначьте ему значение высоты
2560	Выберите цвет, чтобы назначить значение высоты
2561	Выберите цвет, чтобы переназначить значение высоты
2562	Выберите единицу расстояния или введите своё название
2563	Выберите группу для этой надписи
2564	Выберите пресет слоёв карты
2565	Выберите набор культур для генерации названий и культур
2566	Выберите в этом списке элемент карты, чтобы настроить его цвета, непрозрачность, толщину линий и прочие свойства.
2567	Выберите пресет стиля. При смене шрифта надписям государств может потребоваться пересоздание
2568	Выбрать допустимые ${attr}
2569	Выберите допустимые биомы
2570	Выберите допустимые культуры
2571	Выберите допустимые объекты
2572	Выберите допустимые религии
2573	Выберите допустимые государства
2574	Выберите единицу высоты или введите своё название
2575	Выберите элемент для правки его стиля
2576	Выберите элемент для правки стиля (список по алфавиту)
2577	Выберите иконки любого типа
2578	Выберите хотя бы один элемент
2579	Выберите хотя бы одну надпись
2580	Выберите базовый шаблон
2581	Выберите базу для правки
2582	Выбор базы:
2583	Выбрать биомы
2584	Выбрать биомы
2585	Выберите группу городов. Группа задаёт иконку, размер и стиль надписи
2586	Выберите город в провинции или государстве
2587	Выберите тип города. Он слегка влияет на генерацию эмблемы
2588	Выберите тип графика
2589	Выберите цветовую схему элемента
2590	Выберите доминирующую культуру
2591	Выберите группу элементов
2592	Выберите форму эмблемы. Меняется и отдельно в редакторе эмблем
2593	Выберите сущность (ось y)
2594	Выберите сущность для группировки. Если группировка не нужна, поставьте ту же сущность
2595	Выбрать типы объектов
2596	Выбрать типы объектов
2597	Выберите объект. У объектов со своими настройками стоит маркер
2598	Выберите файл и создайте ссылку для друзей
2599	Выберите фильтр элемента. Фильтры могут снижать производительность!
2600	Выбор шрифта
2601	Выберите способ добавления шрифта
2602	Выберите форму названия
2603	Выберите формат: изображение или данные карты
2604	Выберите строку товара в редакторе, кликайте по ячейкам, чтобы добавить или убрать бонусный ресурс
2605	Выберите товар для сравнения запасов по рынкам
2606	Выберите тип наложения сетки
2607	Группа для городов, не прошедших условия других групп
2608	Группа, которая назначается, если остальные не подошли
2609	Выбор карты высот
2610	Выбрать шаблон карты высот
2611	Шаблон задаёт уникальные, но похожие карты при генерации
2612	Сколько единиц расстояния в одном пикселе
2613	Выбор иконки
2614	Выберите группу отрисовки озера
2615	Выберите подтип озера
2616	Ограничение для объекта города: ${name}
2617	Выберите тип интерполяции линии
2618	Тип маркера для новых маркеров.
2619	Выберите метрику (ось x)
2620	Выберите узор океана
2621	Выделить или снять выделение со всех перечисленных надписей
2622	Выбрать центры
2623	Выберите свою иконку рельефа
2624	Выберите реку-родителя
2625	Готовая карта высот будет одинаковой для всех карт
2626	Выберите провинцию в государстве
2627	Выберите группу маршрутов
2628	Набор иконок рельефа. Существующие иконки перестилизуются, а не пересоздаются
2629	Выберите форму эмблемы
2630	Выбрать близость к берегу
2631	Выбрать близость к берегу
2632	Выберите голос для произнесения названий
2633	Выберите государство
2634	Шкала температуры
2635	Шаблон или готовая карта высот, используемые при генерации
2636	Выбор шаблона:
2637	Изображение текстуры. Большие текстуры сильно снижают производительность
2638	Выберите элемент, к которому относится заметка
2639	Выберите иконку товара
2640	Выберите надпись для массового назначения
2641	Тип единиц для особых правил пересчёта сил
2642	Выбранный цвет кисти
2643	Выбранная область воды выходит за край карты и не замкнута
2644	ПРОДАЖА
2645	Продавец
2646	Отправить
2647	Отправить (Enter)
2648	Сенешальство
2649	Отделить
2650	Сепия
2651	Сервер
2652	Фильтр, применяемый к карте в целом
2653	Задайте интервал высот. Без пробелов, разделитель — дефис
2654	Сдвиг карты с севера на юг; 50 — центр карты на экваторе
2655	Задайте цвет обводки
2656	Сдвиг карты с запада на восток; 50 — центр карты на нулевом меридиане
2657	Сделать основным центром
2658	Интервал автосохранения в минутах. 0 — выключить. Карта сохраняется в память браузера
2659	Размер плашки
2660	Название битвы
2661	Население города
2662	Размер плашки производства города в пикселях. Шрифт масштабируется вместе с ней
2663	Обрезка. Видна только необрезанная часть
2664	Задайте профиль кривой
2665	Своя ссылка на карту города
2666	Прозрачность окон диалогов и инструментов
2667	Множитель размера эмблем
2668	Детализация эродированной сетки (вершин по длинной стороне)
2669	Задайте цвет заливки
2670	Непрозрачность заливки. 0: прозрачно, 1: сплошно
2671	Поток влияет на ширину реки
2672	Размер шрифта в пикселях
2673	Размер шрифта относительно слоя надписей
2674	Начертание шрифта
2675	Насыщенность шрифта
2676	Скорость вращения глобуса. 0 — выключить вращение
2677	Разрешение текстуры глобуса
2678	Размер маркера товара (иконка и круг) в пикселях
2679	Множитель масштаба ячеек сетки
2680	Степень высоты: резкость изменения высот. Высоты влияют на температуру и биомы
2681	Установить высоту 0 для всех ячеек (стереть карту)
2682	Масштаб высот
2683	Высота:
2684	Насколько глубоко реки врезают долины
2685	Сколько человек в одной единице населения
2686	Размер иконки
2687	Межбуквенное расстояние
2688	Записать историю
2689	Скорость вращения карты. 0 — выключить вращение
2690	Размер карты относительно размера мира
2691	Размер маркера рынка (круг) в пикселях
2692	Размер иконки рынка в пикселях
2693	Доля маскирования. 1 — полная изоляция (не допускать суши у краёв), 2 — половина и т.д. Отрицательное число меняет эффект на обратный
2694	Максимальное население в единицах населения (множитель — в редакторе единиц)
2695	Максимальное число цветов
2696	Максимум элементов в одном столбце
2697	Разрешение текстуры сетки
2698	Минимальное и максимальное население в единицах населения (множитель — в редакторе единиц)
2699	Минимальное население в единицах населения (множитель — в редакторе единиц)
2700	Минимальный и максимальный уровень масштаба
2701	Число точек для графика. Сильно влияет на производительность. Рекомендуемое значение — только 10K
2702	Непрозрачность загруженного изображения
2703	Непрозрачность. 0: прозрачно, 1: сплошно
2704	Тон палитры
2705	Светлота палитры
2706	Насыщенность палитры
2707	Число точек (ячеек) субкарты
2708	Процент населения: 0-100, где 90 означает, что город должен быть населён сильнее 90% городов
2709	Осадки: сколько воды приносят облака. Определяет реки и биомы. Для стандартной генерации держите около 100%
2710	Размер блока полка. Все полки будут перерисованы (позиции сбросятся)
2711	Относительный размер этой надписи
2712	Относительный размер этой надписи (% от стандартного для группы)
2713	Освещённость сцены
2714	Цвет неба и воды
2715	Доля сглаживания. 1 — полное, 2 — половинное и т.д.
2716	Начальное смещение этой надписи
2717	Начальное смещение этой надписи (% по пути)
2718	Задать начальное смещение числом
2719	Цвет обводки
2720	Штриховой узор обводки, например 5 2
2721	Окончание штриха
2722	Соединение штрихов
2723	Непрозрачность обводки. 0: прозрачно, 1: сплошно
2724	Толщина обводки
2725	Положение солнца (x, y) и его цвет
2726	Тень текста, регистр и сдвиг
2727	Задайте гербовую фигуру: выберите, вставьте ссылку или загрузите картинку на поле
2728	Темп роста государств и культур. Определяет, сколько земли останется нейтральной
2729	Иконка внутри маркера рынка
2730	Межбуквенное расстояние для этой надписи
2731	Число слоёв эрозии. Больше октав — тоньше ложбины
2732	Сила ложбин и гребней эрозии
2733	Тон темы окон диалогов и инструментов
2734	Размер подсказок
2735	Баланс казны. Производство автоматически не изменится
2736	Плотность застройки: население на здание в Medieval Fantasy City Generator
2737	Множитель городского населения. Увеличьте или уменьшите население городов
2738	Размер интерфейса. Зум браузера тоже влияет на него (Ctrl + или Ctrl -)
2739	Режим отображения
2740	Размытие виньетки в пикселях
2741	Действие генератора при загрузке
2742	Какая доля подходящих городов в государстве станет центрами провинций. Больше значение — больше провинций
2743	Сдвиг и размер розы ветров
2744	Задайте параметры мира: число культур, государств и религий до генерации. Здесь и настройки интерфейса: подсказки, автосохранение.
2745	Настройки следующей карты. Применятся после генерации новой
2746	Настройка истории
2747	Затенение
2748	Мелководье (рядом с сушей)
2749	Трущобы,
2750	Форма
2751	Предпросмотр формы
2752	Качество отрисовки фигур
2753	Поделиться
2754	Доля пула, занятая рельефом
2755	Раздробленный
2756	Фаза обстрела. Корабли бомбардируют вражеский флот
2757	Фаза укрытия. Спрячьтесь за стенами и ждите
2758	Щит
2759	Щиток
2760	-
2761	Сдвиг x
2762	Сдвиг y
2763	Шир
2764	-
2765	Фаза смятения. Воины не готовы к обороне
2766	Фаза смятения. Силы уменьшены
2767	Разрыв берега
2768	Длина берега:
2769	Близость к берегу
2770	Оттенок у берега
2771	Короткое название:
2772	-
2773	Показать
2774	Показать ${count}
2775	Показывать надписи в 3D
2776	Показать карточку государства: эмблему, полное название и форму, столицу, население, площадь, города, культуру, религию и начало заметки. Используйте, когда речь об одном государстве (расскажи о, опиши, обзор, кто правит), а остальное добавляйте только то, чего в карточке нет.
2777	Показать все надписи
2778	Пузырьковая диаграмма городов
2779	График городов
2780	Показывать круг
2781	Иерархия культур
2782	Показать дерево иерархии культур
2783	Показать дренаж
2784	Открыть панель экспорта
2785	Покажите надписи группы ${name} в обзоре надписей, чтобы переназначить их
2786	Показать надписи этой группы в обзоре надписей
2787	Показать маркеры в радиусе от этого
2788	Показать на карте
2789	Показать на карте
2790	Показать только надписи с введённым текстом
2791	Показать только надписи выбранной группы
2792	Показать только надписи выбранного типа
2793	Показать только маркеры выбранной культуры
2794	Показать только маркеры выбранного государства
2795	Показать только маркеры выбранного типа
2796	Показать только зоны выбранного типа
2797	Показать или скрыть все товары под текущий фильтр
2798	Показать или скрыть круг вокруг иконок товаров
2799	Показать или скрыть столбцы
2800	График цепочек производства
2801	Производство этого города
2802	График провинций
2803	График провинций
2804	Список полков
2805	История отношений
2806	История отношений
2807	Матрица отношений
2808	Иерархия религий
2809	Показать дерево иерархии религий
2810	Показать ползунок масштабирования
2811	Открыть панель сохранения
2812	История seed
2813	Показать историю seed, чтобы применить прежний seed
2814	Показать несколько объектов карты списком, который пользователь может найти и подсветить. Используйте вместо списка в Markdown, когда в ответе объектов 3 и больше (какие, список, найди, где находятся…).
2815	Показать небо и расширить воду
2816	Пузырьковая диаграмма государств
2817	График государств
2818	Показать раздел правки стиля
2819	График температуры города
2820	Поле или область эмблемы
2821	Число столбцов графиков: 1, 2, 3 или 4
2822	Показать раздел текста надписи
2823	Профиль высот реки
2824	Профиль высот маршрута
2825	Показать раздел размера шрифта
2826	Показать выбор группы
2827	Показать надпись
2828	Показать раздел смещения надписи
2829	Показать раздел межбуквенного расстояния
2830	Показать меню пересоздания и больше данных
2831	Стрелки указывают вниз по склону, штриховка — впадины, что заполнятся; синяя — те, что стали озёрами
2832	Показать каркас
2833	Показать/скрыть угасшие религии (без ячеек)
2834	Показано
2835	Есть ли в городе цитадель (замок). Кликните, чтобы переключить
2836	Есть ли в городе трущобы. Кликните, чтобы переключить
2837	Является ли город портом. Кликните, чтобы переключить
2838	Является ли город религиозным центром. Кликните, чтобы переключить
2839	Является ли город столицей государства. Кликните, чтобы переключить
2840	Является ли город торговым центром (рынком). Кликните, чтобы переключить
2841	Есть ли у города стены. Кликните, чтобы переключить
2842	Есть ли уже пресет с таким названием
2843	Осада: блокада города и штурм
2844	Войти
2845	Выйти
2846	-
2847	Простой
2848	Упростить
2849	Воронка
2850	Размер
2851	Размер главной гербовой фигуры
2852	Размер окна карты на экране. От размера карты не зависит: это то, сколько карты видно сразу. Заданный вручную запоминается, пока вы не подгоните его под окно
2853	Разнообразие размеров
2854	Размер иконок записи как доля размера пула
2855	Пропустить
2856	Фаза перестрелки. Здесь сильны дальники
2857	-
2858	-
2859	Мелкий
2860	только небольшие правки формы
2861	Наименьшая сторона
2862	Сглаживание 6
2863	Сглаживание 9
2864	Чуть сгладить все высоты
2865	Сглаживающая кисть: ведите, чтобы выровнять высоты в радиусе по соседним ячейкам
2866	Сгладить геометрию
2867	Сгладить карту, заменив высоты средним значением соседей
2868	Заснеженная хвоя
2869	Заснеженная гора
2870	Грязная бумага (горизонтальная)
2871	Грязная бумага (вертикальная)
2872	-
2873	Фаза вылазки. Вылазка из осаждённого города. Здесь сильны бойцы ближнего боя
2874	Тип сортировки
2875	Источник
2876	Ширина истока:
2877	Южный
2878	Интервал
2879	Испанская (мелкая)
2880	Испанский
2881	Озвучить примеры. Голос и язык меняются в настройках
2882	Озвучить название. Голос и язык меняются в настройках
2883	Голос
2884	Конкретный
2885	Скорость
2886	Разбить карту на png-тайлы и скачать архивом zip
2887	Разделить полк на два
2888	Растащить показанные надписи, чтобы они не пересекались
2889	Квадрат
2890	Квадратная сетка 45 градусов
2891	Квадратная сетка
2892	Почти квадратная
2893	Столбцы с разделением
2894	Стандартный
2895	Стандарт 3
2896	Стандарт 4
2897	Обычный режим правки карты
2898	Начать новый чат
2899	Начните новый чат, чтобы продолжить
2900	Начать интерактивный урок
2901	Начало первого отрезка
2902	-
2903	государство
2904	Государство
2905	Единиц ${unit.name} в государстве
2906	Площадь государства
2907	Столица государства. Кликните, чтобы приблизить
2908	У государства нет ячеек, население не изменить
2909	Экспансионизм государства
2910	Название типа государства
2911	Название типа государства. Кликните, чтобы изменить
2912	Полное название государства
2913	Ореолы государств
2914	Государство дружелюбно к другому, когда у них есть общие интересы
2915	Надписи государств
2916	Название государства. Кликните, чтобы изменить
2917	Население государства
2918	Короткое название государства
2919	Тип государства. Задаёт модель роста. Кликните, чтобы изменить
2920	Для конкретного государства
2921	Государства
2922	Пузырьковая диаграмма государств
2923	Редактор государств
2924	Число государств
2925	Число государств
2926	Кликнутые государства получат эти отношения с этим. Shift + клик выбирает другое государство
2927	расквартирован
2928	Запас
2929	Стоп
2930	Фаза штурма. Штурм вражеского города. Здесь сильны бойцы ближнего боя
2931	Прямые штрихи
2932	Направление пролива
2933	Ширина пролива; дефис задаёт случайный диапазон
2934	Пролив: вертикальная или горизонтальная впадина по центру
2935	Длина растяжения
2936	Зачёркнутый
2937	-
2938	-
2939	Длина штриха относительно стандартной
2940	Длина штриха относительно стандартной. На пологом склоне штрихи обрываются раньше
2941	Толщина штриха
2942	Толщина штриха у основания относительно стандартной. Пологий склон — тоньше штрихи
2943	Только штрихи
2944	Стиль
2945	Элементы стиля
2946	JSON стиля формируется по текущим настройкам, но его можно ввести вручную
2947	JSON стиля:
2948	Пресет стиля сохранён и применён
2949	Пресет стиля загружен
2950	Пресеты стиля
2951	Пресеты стиля
2952	Сохранение стиля
2953	Вкладка «Стиль»
2954	Субкарта
2955	Положение и цвет солнца:
2956	Длина линии снабжения, влияет на мораль
2957	Фаза внезапной атаки. Силы увеличены, здесь сильны дальники
2958	Фаза капитуляции. Оборона прекращена, силы уменьшены
2959	Уцелевшие
2960	Подозрение — осторожное недоверие одного государства к другому
2961	Сюзерен — государство, имеющее власть над своим вассалом (выбранным)
2962	Подсказка shape-rendering для карты. «Чёткие края» отключают сглаживание. В браузерах на Chromium растеризация идёт на GPU и подсказка игнорируется, поэтому там разницы нет
2963	Болото
2964	Швейцарский
2965	-
2966	Таблица
2967	-
2968	Теги
2969	Пройдите интерактивный урок по генератору карт
2970	Такламакан
2971	Тарч
2972	Тарч 2
2973	Сколько торговых анимаций видно одновременно; новые появляются, когда старые заканчиваются. Больше — анимаций сразу, возможны тормоза
2974	таверна
2975	Тексту<u>р</u>а
2976	Температура
2977	Температура задаёт случайность ответа: выше — творчее, ниже — предсказуемее
2978	Температура должна быть числом
2979	Диапазон температур в °C
2980	Диапазон температур в °C. Пустая граница — открытая
2981	Шкала температуры:
2982	Редактор шаблонов
2983	храм,
2984	Сила террас. 0 — выключить
2985	Территория
2986	Тетракис-квадратная сетка
2987	-
2988	Текст
2989	Цвет текста
2990	Форматирование текста
2991	Размер текста
2992	Разрешение текстуры:
2993	Текстурировать местность как снимок со спутника. Заменяет обычную текстуру карты
2994	Благодарим всех поддержавших на
2995	которые поглотят остальные. Наведите на строку, чтобы подсветить провинцию на карте.
2996	которое работает офлайн.
2997	Приложение и эта страница хранят карты и настройки раздельно, так что здесь их не видно. Чтобы перенести карту, сохраните её как
2998	Координатная область, на которой сгенерирована эта карта. Для следующей она задаётся в настройках
2999	Текущая карта уже имеет этот seed
3000	данные, но береговую линию менять будет нельзя.
3001	Приложение сделано для компьютеров, версий для телефона или планшета нет.
3002	Приложение ещё не опубликовано.
3003	Неприменённые правки будут потеряны. Сначала примените их
3004	Название элемента, правится в редакторе самого элемента
3005	Строка COA эмблемы: отредактируйте её или замените ссылкой Armoria либо строкой COA, затем примените
3006	Файл не похож на корректный файл сохранения.<br>Проверьте формат данных
3007	Файл не является пресетом стиля — текущий стиль сохранён
3008	Следующие провинции будут
3009	Следующие государства будут
3010	Шрифт уже добавлен
3011	Рамка подогнана по изображению
3012	Генератор также доступен в виде
3013	Панель редактора карты высот позволяет рисовать рельеф прямо на карте: поднимать и опускать землю, применять шаблоны, превращать изображение в карту высот, смотреть местность в 3D.
3014	Иконка при масштабе карты
3015	JSON не является пресетом стиля — ничего не сохранено
3016	Управление слоями недоступно в режиме правки карты высот
3017	Вкладка «Слои» управляет тем, какие элементы карты видны на ней.
3018	лицензию
3019	Список загрузок не удалось получить сейчас.
3020	Самая длинная длина названия
3021	Данные названий слишком короткие или некорректны
3022	В заметке есть разметка, которую редактор не сохраняет, поэтому остаётся режим HTML
3023	-
3024	открытое море
3025	открытая вода
3026	Вкладка «Настройки» задаёт параметры генерации мира: число государств, культур, религий и прочие настройки.
3027	Пресет на вкладке «Настройки», которому соответствуют эти параметры
3028	Самая короткая длина названия
3029	Вкладка «Стиль» отвечает за внешний вид карты: цветовые схемы, непрозрачность, толщину линий и другие свойства каждого элемента.
3030	Вкладка «Инструменты» даёт прямой доступ ко всем редакторам: рельеф, биомы, государства, культуры, религии, дороги и прочее.
3031	Цвет темы
3032	Добавить свой шрифт можно тремя способами:
3033	Нет маршрутов для удаления
3034	Нет государств для показа
3035	Для правки дипломатии нужно минимум 2 государства
3036	У этих сущностей нет положения на карте
3037	Они
3038	Этот город НЕ столица государства
3039	Этот город — порт
3040	Этот город — столица государства
3041	Этот город уже центр другого рынка
3042	Этот город уже центр рынка
3043	Этот город уже центр этого рынка
3044	Этот город не порт
3045	Здесь открывается настройка мира: положение карты на глобусе, температура экватора и полюсов, количество осадков — всё, что формирует климат.
3046	Чат становится длинным — каждый вопрос отправляет его целиком.
3047	У этого элемента нет положения на карте
3048	Этот элемент не рисуется на карте отдельно
3049	Это одна из групп по умолчанию, её нельзя удалить
3050	Об этом легендарном источнике шепчутся в древних сказаниях: ему приписывают мистические свойства. Родник бьёт кристально чистой водой, мерцающей потусторонним блеском даже в слабом свете.
3051	На этой карте пока нет своих иконок.
3052	Операция разрушительна и необратима: будет создана совершенно новая карта на основе текущей. Сначала сохраните файл .map на свой компьютер!
3053	Эта часть приложения не загрузилась, потому что страницу открыли до выхода новой версии.<br />Перезагрузите страницу, чтобы получить новую версию. Если есть несохранённые изменения, сначала сохраните карту
3054	Эта часть приложения не была скачана до потери связи. Переподключитесь и попробуйте снова
3055	Этот короткий урок покрывает основные элементы управления. Листайте «Далее»/«Назад» или нажимайте Esc для выхода.
3056	Такая схема уже существует
3057	Этот тип транспорта
3058	Лесоруб (крупная)
3059	Лесоруб (мелкая)
3060	Время
3061	Время от начала до конца; дни пути считаются по часам пути транспорта
3062	Время суток:
3063	Цвет поля
3064	Цвет главной гербовой фигуры. Растровая картинка сохраняет свои цвета
3065	Оттенок
3066	Оттенок поверх существующего океана, сильнее у берега
3067	-
3068	-
3069	К
3070	, чтобы задавать вопросы, делиться картами, обсуждать генератор и миростроение, сообщать об ошибках и предлагать новое.
3071	Чтобы менять группы городов, откройте
3072	Чтобы сменить столицу, назначьте статус столицы другому городу этого государства
3073	, чтобы открыть последнюю сохранённую карту.
3074	, чтобы выбрать
3075	Чтобы удалить столицу, сначала удалите её государство
3076	Переключить 3D-надписи
3077	Переключить ассистента Azgaar (пузырь помощи внизу справа)
3078	Переключить подсветку бассейна
3079	Полный экран
3080	Переключить отдельные слои
3081	Показывать это путешествие на карте
3082	Переключить окно легенды
3083	Переключить окно легенды (показывает все скрытые зоны)
3084	Переключить меню
3085	Показывать окно заметок или скрывать его при движении мыши
3086	Переключить проценты / абсолютные значения
3087	Переключить проценты / абсолютные значения
3088	Сосредоточиться на провинции
3089	Переключить напоминание о сохранении
3090	Показывать этот отрезок
3091	Переключить режим неба
3092	Сосредоточиться на государстве
3093	Показать этот товар на карте товаров
3094	Переключить режим каркаса
3095	Сосредоточиться на зоне
3096	Показывать эту зону
3097	Инструменты
3098	Вкладка «Инструменты»
3099	Размер подсказок
3100	Верхний уровень
3101	Всего
3102	Площадь показанных объектов
3103	Всего городов
3104	Всего ячеек
3105	Сумма сделок
3106	Общее расстояние
3107	Валовая выручка от продаж
3108	Площадь суши
3109	Ячеек суши
3110	Площадь карты
3111	Население карты
3112	Всего войско
3113	Численность войска
3114	Общая численность войска (с экипажами). Кликните для сортировки
3115	Общая численность войска (без экипажей)
3116	Общая численность войска (без экипажей). Кликните для сортировки
3117	Всего последователей (население)
3118	Всего культов
3119	Всего народных религий
3120	Всего ересей
3121	Всего рынков
3122	Всего организованных религий
3123	Всего населения
3124	Сумма покупок
3125	Общий размер:
3126	Общая численность войска государства (с экипажами)
3127	Запас всех товаров на этом рынке
3128	Запас этого товара на всех рынках
3129	Всего налогов:
3130	Общее время
3131	Общее время: ${Journeys.formatTravelTimeFull(elapsedHours)}. Время в пути: ${Journeys.formatHours(totalHours)}${hiddenNote}
3132	Продано единиц
3133	Единиц на складах всех рынков и городов
3134	Единиц на складах всех рынков и в городах. Кликните для сортировки
3135	Единиц в день производят все ячейки и города
3136	Единиц в день производят ячейки (сырьё) и города (фабрикация). Кликните для сортировки
3137	Торговля
3138	Редактор анимации торговли
3139	Вид торговли
3140	Трансформация
3141	Преобразовать карту
3142	Преобразование карты
3143	Прозрачность
3144	Транспорт
3145	Тип транспорта добавлен — задайте ему название, скорость, часы пути и область.
3146	Название типа транспорта
3147	Тип транспорта: задаёт скорость по умолчанию и где может идти отрезок
3148	Типы транспорта
3149	Число типов транспорта
3150	Транспорт
3151	Длительность пути
3152	Время в пути
3153	Казна
3154	Казна: накопленный баланс
3155	Треугольная сетка (горизонтальная)
3156	Треугольная сетка (вертикальная)
3157	Племя
3158	Тригексагональная сетка
3159	Тропический
3160	Впадина: вытянутое понижение
3161	Да
3162	Усечённая квадратная сетка
3163	Попробовать
3164	Тип
3165	Введите запрос здесь
3166	Введите любой короткий текст
3167	введите название типа
3168	Введите полное название битвы
3169	Введите название группы
3170	Название группы: с буквы или подчёркивания, далее буквы, цифры, подчёркивания и дефисы. Пробелы нельзя
3171	Введите название места
3172	Подпись масштабной линейки; пусто — скрыть подпись
3173	Правьте здесь исходное название
3174	Введите тип реки (например: рукав, ручей, река, струя)
3175	Введите полное название
3176	Введите короткое название
3177	Правьте здесь. Enter добавляет строку, пустая строка удаляет элемент
3178	Введите название города
3179	Введите название озера
3180	Введите название рынка. Пустое поле вернёт название по умолчанию
3181	Введите название полка
3182	Введите название реки
3183	Введите название маршрута
3184	Название единицы. При переименовании существующей старая будет заменена
3185	введите значение
3186	-
3187	Снимите, чтобы не обновлять надпись государства при смене названия
3188	Непокрытый спрос:
3189	Подчёркнутый
3190	Неисследованное подземелье. См.
3191	Отменить
3192	Отменить последний мазок кисти
3193	Отменить последнее изменение
3194	Отменить последний мазок (Ctrl + Z)
3195	Отменить последнее действие
3196	Отменить последнее действие (Ctrl + Z)
3197	Единица
3198	Иконка единицы
3199	Боевая мощь единицы (для симуляции сражений)
3200	Название единицы
3201	Название единицы. При переименовании существующей старая будет заменена
3202	Единица производства
3203	Единица производства. Кликните для сортировки
3204	Тип единиц для особых правил пересчёта сил
3205	Единицы
3206	Редактор военных единиц
3207	Единиц товара произведено
3208	Вопросы без ограничений, и я могу читать и править эту карту. Ваш ключ остаётся в браузере и уходит только поставщику. Я запускаю скрипты на этой странице, чтобы прочитать вашу карту. Используйте меня только на картах из надёжных источников.
3209	Не закреплено. Кликните, чтобы закрепить элемент и защитить его от инструментов пересоздания
3210	Снять выделение
3211	-
3212	Обновить надпись после применения
3213	Обновить сцену
3214	Загрузить
3215	Загрузить базу имён с компьютера, дополнив текущий набор
3216	Загрузить базу имён с компьютера, заменив текущий набор
3217	Загрузить данные о культурах
3218	Загрузить заметки с компьютера
3219	Городское население
3220	Плотность застройки:
3221	Городское население
3222	Уровень урбанизации:
3223	-
3224	-
3225	-
3226	Использовать для
3227	Использовать ключ
3228	Настоящее название провинции меняется в редакторе провинций, а не только надпись
3229	Настоящее название государства меняется в редакторе государств, а не только надпись
3230	Значение
3231	-
3232	Вариант
3233	Вассал — государство, обязанное своему сюзерену (выбранному)
3234	Вассализация
3235	Вертикальное смещение в размерах иконки (вниз — положительное)
3236	Миндаль (vesica piscis)
3237	Сделки рынка
3238	Режим просмотра:
3239	Размер окна
3240	Виньетка
3241	Высота прямоугольника виньетки в процентах
3242	Ширина прямоугольника виньетки в процентах
3243	Положение x прямоугольника виньетки в процентах
3244	Положение y прямоугольника виньетки в процентах
3245	Радиус виньетки по X в процентах
3246	Радиус виньетки по Y в процентах
3247	-
3248	Видимая
3249	-
3250	-
3251	Вулкан
3252	З
3253	-
3254	Фаза ожидания. Не может преследовать бегущих на кораблях
3255	стены,
3256	Военная тревога
3257	Военная тревога. Изменяемая надбавка к численности войска по политической обстановке
3258	Военная тревога. Надбавка к численности войска по политической обстановке. Кликните для сортировки
3259	Объявление войны
3260	Предупреждение
3261	Внимание!
3262	Город Watabou
3263	Жилище Watabou
3264	Деревня Watabou
3265	-
3266	Поток воды
3267	Тип водного объекта
3268	Волны
3269	-
3270	Богатство
3271	Богатство: валовой продукт, делённый на население
3272	Клин
3273	Вес
3274	Вес: как часто выбирается запись относительно других
3275	Добро пожаловать в генератор фантастических карт
3276	Западный
3277	Когда надписи, иконки и рельеф перерисовываются, а текст меняет размер при масштабировании или сдвиге. «После» делает это один раз за жест: на больших картах быстрее, но новый контент появляется сразу
3278	Если браузер поддерживает это, «Сохранить» обновляет выбранный файл. Shift + клик по устройству или Ctrl + Shift + S сохраняют отдельную копию.
3279	Где его взять
3280	Какие виды торговли показывать: местные (город-рынок), мировые (рынок-рынок) или оба
3281	Во время масштабирования
3282	-
3283	Барашки
3284	Вся карта
3285	Весь мир
3286	Ширина
3287	Множитель ширины:
3288	Ширина второстепенных изолиний. Каждая пятая вдвое толще
3289	Толщина тёмных линий между полосами
3290	-
3291	-
3292	-
3293	Windows и macOS при первом запуске предупредят о неизвестном разработчике, потому что приложение не подписано: в Windows нажмите «More info», затем «Run anyway», в macOS кликните по приложению правой кнопкой и выберите «Open».
3294	Windows на ARM
3295	Зимняя эра
3296	Фаза отхода. Корабли пытаются уйти от вражеского флота
3297	Настройка мира
3298	Стоимость произведённых товаров
3299	Сворачивание
3300	Инструмент сворачивания
3301	Ведите, чтобы менять форму ячеек; Shift + ведение меняет размер кисти; Space + ведение сдвигает карту
3302	-
3303	Опишите здесь. Текст показывается в окне заметок при наведении или клике по элементу
3304	-
3305	-
3306	Положение по X в процентах (minX-maxX или X)
3307	-
3308	-
3309	-
3310	-
3311	Положение по Y в процентах (minY-maxY или Y)
3312	да
3313	Вы не в сети
3314	Вы можете
3315	В режиме «Сохранить» береговую линию менять нельзя
3316	Нельзя перезаписать стандартный пресет, измените название
3317	Нельзя удалить город — центр рынка. Сначала удалите рынок
3318	Нельзя удалить столицу. Сначала измените столицу государства
3319	Вам встретился персонаж.
3320	Укажите корректное значение
3321	Ваше описание этого мира. Произвольный текст, хранится в файле карты
3322	Ваш вопрос
3323	Ваша система — ${primaryLabel}:
3324	юрта
3325	-
3326	Зона
3327	Площадь зоны
3328	Описание зоны. Кликните и введите новое
3329	В зоне нет ячеек суши, население не изменить
3330	Тип зоны. Кликните и введите новый
3331	Зоны
3332	Редактор зон
3333	Масштаб
3334	Масштабируйте и двигайте изображение в рамке
3335	Пределы масштаба
3336	Приблизить
3337	Приблизить карту и центрировать на городе
3338	Максимальный масштаб
3339	Минимальный масштаб
3340	Отдалить
3341	Отдалить
3342	Приблизить к концу
3343	Приблизить к началу
3344	Приблизить к маркеру
3345	Приблизить к измерителю
3346	min не должен превышать max
3347	Фаза погони. Корабли преследуют и редко обстреливают вражеский флот
